,Date,oil,spy,vix,oil_ma_5,oil_ma_20,oil_lag_1,oil_lag_5,spy_ma_5,spy_ma_20,spy_lag_1,spy_lag_5,vix_ma_5,vix_ma_20,vix_lag_1,vix_lag_5,target
0,2015-01-30,48.2400016784668,1994.989990234375,20.96999931335449,45.720000457763675,47.325500106811525,44.52999877929688,45.59000015258789,2021.0080322265626,2028.1785095214843,2021.25,2051.820068359375,18.58199996948242,19.119499969482423,18.76000022888184,16.65999984741211,1
1,2015-02-02,49.56999969482422,2020.8499755859373,19.43000030517578,46.604000091552734,47.16950016021728,48.2400016784668,45.150001525878906,2013.760009765625,2026.3110107421876,1994.989990234375,2057.090087890625,19.363999938964845,19.201499938964844,20.96999931335449,15.520000457763672,1
2,2015-02-03,53.04999923706055,2050.030029296875,17.329999923706055,47.96800003051758,47.320000076293944,49.56999969482422,46.22999954223633,2017.856005859375,2027.783514404297,2020.8499755859373,2029.550048828125,19.386000061035155,19.071999931335448,19.43000030517578,17.219999313354492,0
3,2015-02-04,48.45000076293945,2041.510009765625,18.32999992370605,48.76800003051758,47.34600009918213,53.04999923706055,44.45000076293945,2025.7260009765625,2029.728515625,2050.030029296875,2002.1600341796875,18.96399993896484,18.932499885559082,17.329999923706055,20.440000534057617,1
4,2015-02-05,50.47999954223633,2062.52001953125,16.850000381469727,49.95800018310547,47.4375,48.45000076293945,44.52999877929688,2033.9800048828124,2031.5595153808595,2041.510009765625,2021.25,18.581999969482418,18.80949993133545,18.32999992370605,18.76000022888184,1
5,2015-02-06,51.68999862670898,2055.469970703125,17.290000915527344,50.6479995727539,47.58249988555908,50.47999954223633,48.2400016784668,2046.0760009765625,2031.2260192871095,2062.52001953125,1994.989990234375,17.846000289916994,18.823499965667725,16.850000381469727,20.96999931335449,1
6,2015-02-09,52.86000061035156,2046.739990234375,18.549999237060547,51.305999755859375,47.80749988555908,51.68999862670898,49.56999969482422,2051.25400390625,2031.3225158691407,2055.469970703125,2020.8499755859373,17.670000076293945,18.873499965667726,17.290000915527344,19.43000030517578,0
7,2015-02-10,50.02000045776367,2068.590087890625,17.229999542236328,50.7,48.00499992370605,52.86000061035156,53.04999923706055,2054.966015625,2033.3390197753906,2046.739990234375,2050.030029296875,17.65,18.754999923706055,18.549999237060547,17.329999923706055,0
8,2015-02-11,48.84000015258789,2068.530029296875,16.959999084472656,50.77799987792969,48.152499961853025,50.02000045776367,48.45000076293945,2060.37001953125,2035.6140197753907,2068.590087890625,2041.510009765625,17.37599983215332,18.57499990463257,17.229999542236328,18.32999992370605,1
9,2015-02-12,51.209999084472656,2088.47998046875,15.34000015258789,50.92399978637695,48.28899993896484,48.84000015258789,50.47999954223633,2065.56201171875,2039.4745178222656,2068.530029296875,2062.52001953125,17.07399978637695,18.267999935150147,16.959999084472656,16.850000381469727,1
10,2015-02-13,52.77999877929688,2096.989990234375,14.6899995803833,51.14199981689453,48.615499877929686,51.209999084472656,51.68999862670898,2073.866015625,2044.6905151367187,2088.47998046875,2055.469970703125,16.553999519348146,17.88299994468689,15.34000015258789,17.290000915527344,1
11,2015-02-17,53.52999877929688,2100.340087890625,15.800000190734863,51.27599945068359,48.85749988555908,52.77999877929688,52.86000061035156,2084.58603515625,2048.7365173339845,2096.989990234375,2046.739990234375,16.003999710083008,17.62549991607666,14.6899995803833,18.549999237060547,0
12,2015-02-18,52.13999938964844,2099.679931640625,15.449999809265137,51.699999237060545,49.14499988555908,53.52999877929688,50.02000045776367,2090.80400390625,2052.5930114746093,2100.340087890625,2068.590087890625,15.64799976348877,17.403499937057497,15.800000190734863,17.229999542236328,0
13,2015-02-19,51.15999984741211,2097.449951171875,15.289999961853027,52.16399917602539,49.31399993896484,52.13999938964844,48.84000015258789,2096.58798828125,2055.859509277344,2099.679931640625,2068.530029296875,15.313999938964844,17.22549991607666,15.449999809265137,16.959999084472656,0
14,2015-02-20,50.34000015258789,2110.300048828125,14.300000190734863,51.98999938964844,49.515499877929685,51.15999984741211,51.209999084472656,2100.952001953125,2058.2170166015626,2097.449951171875,2088.47998046875,15.105999946594238,17.12049994468689,15.289999961853027,15.34000015258789,0
15,2015-02-23,49.45000076293945,2109.659912109375,14.5600004196167,51.32399978637695,49.708499908447266,50.34000015258789,52.77999877929688,2103.485986328125,2061.1090087890625,2110.300048828125,2096.989990234375,15.080000114440917,17.015499973297118,14.300000190734863,14.6899995803833,0
16,2015-02-24,49.27999877929688,2115.47998046875,13.6899995803833,50.47399978637695,49.91499977111816,49.45000076293945,53.52999877929688,2106.51396484375,2064.0285034179688,2109.659912109375,2100.340087890625,14.657999992370605,16.9239999294281,14.5600004196167,15.800000190734863,1
17,2015-02-25,50.9900016784668,2113.860107421875,13.84000015258789,50.24400024414062,50.15299987792969,49.27999877929688,52.13999938964844,2109.35,2068.244006347656,2115.47998046875,2099.679931640625,14.336000061035156,16.754999971389772,13.6899995803833,15.449999809265137,0
18,2015-02-26,48.16999816894531,2110.739990234375,13.90999984741211,49.645999908447266,50.33899974822998,50.9900016784668,51.15999984741211,2112.0080078125,2073.6730041503906,2113.860107421875,2097.449951171875,14.060000038146972,16.428499937057495,13.84000015258789,15.289999961853027,1
19,2015-02-27,49.7599983215332,2104.5,13.34000015258789,49.529999542236325,50.6004997253418,48.16999816894531,50.34000015258789,2110.847998046875,2077.8355041503905,2110.739990234375,2110.300048828125,13.868000030517578,16.157499933242796,13.90999984741211,14.300000190734863,0
20,2015-03-02,49.59000015258789,2117.389892578125,13.039999961853027,49.55799942016601,50.66799964904785,49.7599983215332,49.45000076293945,2112.393994140625,2083.955499267578,2104.5,2109.659912109375,13.563999938964844,15.760999965667725,13.34000015258789,14.5600004196167,1
21,2015-03-03,50.52000045776367,2107.780029296875,13.859999656677246,49.805999755859375,50.71549968719482,49.59000015258789,49.27999877929688,2110.85400390625,2088.302001953125,2117.389892578125,2115.47998046875,13.597999954223633,15.482499933242797,13.039999961853027,13.6899995803833,1
22,2015-03-04,51.52999877929688,2098.530029296875,14.229999542236328,49.9139991760254,50.63949966430664,50.52000045776367,50.9900016784668,2107.78798828125,2090.727001953125,2107.780029296875,2113.860107421875,13.67599983215332,15.327499914169312,13.859999656677246,13.84000015258789,0
23,2015-03-05,50.7599983215332,2101.0400390625,14.039999961853027,50.43199920654297,50.75499954223633,51.52999877929688,48.16999816894531,2105.847998046875,2093.703503417969,2098.530029296875,2110.739990234375,13.701999855041503,15.11299991607666,14.229999542236328,13.90999984741211,0
24,2015-03-06,49.61000061035156,2071.260009765625,15.199999809265137,50.40199966430664,50.71149959564209,50.7599983215332,49.7599983215332,2099.2,2094.1405029296875,2101.0400390625,2104.5,14.073999786376953,15.03049988746643,14.039999961853027,13.34000015258789,1
25,2015-03-09,50.0,2079.429931640625,15.0600004196167,50.48399963378906,50.62699966430664,49.61000061035156,49.59000015258789,2091.6080078125,2095.3385009765625,2071.260009765625,2117.389892578125,14.477999877929687,14.918999862670898,15.199999809265137,13.039999961853027,0
26,2015-03-10,48.290000915527344,2044.1600341796875,16.690000534057617,50.0379997253418,50.39849967956543,50.0,50.52000045776367,2078.8840087890626,2095.209503173828,2079.429931640625,2107.780029296875,15.044000053405762,14.825999927520751,15.0600004196167,13.859999656677246,0
27,2015-03-11,48.16999816894531,2040.239990234375,16.8700008392334,49.36599960327148,50.30599956512451,48.290000915527344,51.52999877929688,2067.2260009765623,2093.7919982910157,2044.1600341796875,2098.530029296875,15.572000312805176,14.807999992370606,16.690000534057617,14.229999542236328,0
28,2015-03-12,47.04999923706055,2065.949951171875,15.420000076293944,48.623999786376956,50.21649951934815,48.16999816894531,50.7599983215332,2060.2079833984376,2093.6629943847656,2040.239990234375,2101.0400390625,15.84800033569336,14.73100004196167,16.8700008392334,14.039999961853027,0
29,2015-03-13,44.84000015258789,2053.39990234375,16.0,47.66999969482422,49.8979995727539,47.04999923706055,49.61000061035156,2056.6359619140626,2091.9089904785155,2065.949951171875,2071.260009765625,16.008000373840332,14.764000034332275,15.420000076293944,15.199999809265137,0
30,2015-03-16,43.880001068115234,2081.18994140625,15.609999656677246,46.44599990844726,49.452999687194826,44.84000015258789,50.0,2056.9879638671873,2091.1189880371094,2053.39990234375,2079.429931640625,16.11800022125244,14.810000038146972,16.0,15.0600004196167,0
31,2015-03-17,43.459999084472656,2074.280029296875,15.65999984741211,45.47999954223633,48.949499702453615,43.880001068115234,48.290000915527344,2063.011962890625,2089.815985107422,2081.18994140625,2044.1600341796875,15.91200008392334,14.803000020980836,15.609999656677246,16.690000534057617,1
32,2015-03-18,44.65999984741211,2099.5,13.970000267028809,44.77799987792969,48.5754997253418,43.459999084472656,48.16999816894531,2074.86396484375,2089.806988525391,2074.280029296875,2040.239990234375,15.331999969482421,14.729000043869018,15.65999984741211,16.8700008392334,0
33,2015-03-19,43.959999084472656,2089.27001953125,14.06999969482422,44.15999984741211,48.21549968719482,44.65999984741211,47.04999923706055,2079.527978515625,2089.3979919433596,2099.5,2065.949951171875,15.061999893188476,14.668000030517579,13.970000267028809,15.420000076293944,1
34,2015-03-20,45.720001220703125,2108.10009765625,13.020000457763672,44.33600006103516,47.98449974060058,43.959999084472656,44.84000015258789,2090.468017578125,2089.2879943847656,2089.27001953125,2053.39990234375,14.465999984741211,14.604000043869018,14.06999969482422,16.0,1
35,2015-03-23,47.45000076293945,2104.419921875,13.40999984741211,45.05,47.88449974060059,45.720001220703125,43.880001068115234,2095.114013671875,2089.025994873047,2108.10009765625,2081.18994140625,14.026000022888184,14.54650001525879,13.020000457763672,15.609999656677246,1
36,2015-03-24,47.5099983215332,2091.5,13.619999885559082,45.85999984741211,47.795999717712405,47.45000076293945,43.459999084472656,2098.5580078125,2087.8269958496094,2104.419921875,2074.280029296875,13.618000030517578,14.543000030517579,13.40999984741211,15.65999984741211,1
37,2015-03-25,49.209999084472656,2061.050048828125,15.4399995803833,46.76999969482422,47.70699958801269,47.5099983215332,44.65999984741211,2090.868017578125,2085.186492919922,2091.5,2099.5,13.911999893188476,14.623000001907348,13.619999885559082,13.970000267028809,1
38,2015-03-26,51.43000030517578,2056.14990234375,15.800000190734863,48.263999938964844,47.869999694824216,49.209999084472656,43.959999084472656,2084.243994140625,2082.4569885253904,2061.050048828125,2089.27001953125,14.257999992370605,14.717500019073487,15.4399995803833,14.06999969482422,0
39,2015-03-27,48.869998931884766,2061.02001953125,15.06999969482422,48.89399948120117,47.8254997253418,51.43000030517578,45.720001220703125,2074.827978515625,2080.282989501953,2056.14990234375,2108.10009765625,14.667999839782714,14.803999996185302,15.800000190734863,13.020000457763672,0
40,2015-03-30,48.68000030517578,2086.239990234375,14.510000228881836,49.13999938964844,47.77999973297119,48.869998931884766,47.45000076293945,2071.1919921875,2078.7254943847656,2061.02001953125,2104.419921875,14.88799991607666,14.877500009536742,15.06999969482422,13.40999984741211,0
41,2015-03-31,47.59999847412109,2067.889892578125,15.289999961853027,49.157999420166014,47.63399963378906,48.68000030517578,47.5099983215332,2066.469970703125,2076.730987548828,2086.239990234375,2091.5,15.22199993133545,14.949000024795533,14.510000228881836,13.619999885559082,1
42,2015-04-01,50.09000015258789,2059.68994140625,15.109999656677246,49.33399963378906,47.56199970245361,47.59999847412109,49.209999084472656,2066.19794921875,2074.788983154297,2067.889892578125,2061.050048828125,15.155999946594239,14.993000030517578,15.289999961853027,15.4399995803833,0
43,2015-04-02,49.13999938964844,2066.9599609375,14.670000076293944,48.875999450683594,47.48099975585937,50.09000015258789,51.43000030517578,2068.3599609375,2073.0849792480467,2059.68994140625,2056.14990234375,14.929999923706054,15.024500036239624,15.109999656677246,15.800000190734863,1
44,2015-04-06,52.13999938964844,2080.6201171875,14.739999771118164,49.529999542236325,47.60749969482422,49.13999938964844,48.869998931884766,2072.27998046875,2073.5529846191407,2066.9599609375,2061.02001953125,14.863999938964843,15.001500034332276,14.670000076293944,15.06999969482422,1
45,2015-04-07,53.97999954223633,2076.330078125,14.779999732971191,50.58999938964844,47.80649967193604,52.13999938964844,48.68000030517578,2070.297998046875,2073.3979919433596,2080.6201171875,2086.239990234375,14.917999839782714,14.9875,14.739999771118164,14.510000228881836,0
46,2015-04-08,50.41999816894531,2081.89990234375,13.979999542236328,51.15399932861328,47.91299953460693,53.97999954223633,47.59999847412109,2073.1,2075.2849853515627,2076.330078125,2067.889892578125,14.655999755859375,14.851999950408935,14.779999732971191,15.289999961853027,1
47,2015-04-09,50.790000915527344,2091.179931640625,13.09000015258789,51.29399948120117,48.043999671936035,50.41999816894531,50.09000015258789,2079.397998046875,2077.831982421875,2081.89990234375,2059.68994140625,14.251999855041504,14.66299991607666,13.979999542236328,15.109999656677246,1
48,2015-04-10,51.63999938964844,2102.06005859375,12.579999923706056,51.79399948120117,48.27349967956543,50.790000915527344,49.13999938964844,2086.418017578125,2079.637487792969,2091.179931640625,2066.9599609375,13.833999824523925,14.520999908447266,13.09000015258789,14.670000076293944,1
49,2015-04-13,51.90999984741211,2092.429931640625,13.9399995803833,51.747999572753905,48.62699966430664,51.63999938964844,52.13999938964844,2088.77998046875,2081.5889892578125,2102.06005859375,2080.6201171875,13.673999786376953,14.417999887466431,12.579999923706056,14.739999771118164,1
50,2015-04-14,53.290000915527344,2095.840087890625,13.670000076293944,51.60999984741211,49.09749965667724,51.90999984741211,53.97999954223633,2092.681982421875,2082.321496582031,2092.429931640625,2076.330078125,13.451999855041503,14.320999908447266,13.9399995803833,14.779999732971191,1
51,2015-04-15,56.38999938964844,2106.6298828125,12.84000015258789,52.80400009155274,49.74399967193604,53.290000915527344,50.41999816894531,2097.627978515625,2083.9389892578124,2095.840087890625,2081.89990234375,13.223999977111816,14.179999923706054,13.670000076293944,13.979999542236328,1
52,2015-04-16,56.709999084472656,2104.989990234375,12.600000381469728,53.987999725341794,50.346499633789065,56.38999938964844,50.790000915527344,2100.389990234375,2084.213488769531,2106.6298828125,2091.179931640625,13.126000022888183,14.111499929428101,12.84000015258789,13.09000015258789,0
53,2015-04-17,55.7400016784668,2081.179931640625,13.890000343322754,54.80800018310547,50.93549976348877,56.709999084472656,51.63999938964844,2096.21396484375,2083.808984375,2104.989990234375,2102.06005859375,13.388000106811523,14.102499961853027,12.600000381469728,12.579999923706056,1
54,2015-04-20,56.380001068115234,2100.39990234375,13.300000190734863,55.70200042724609,51.468499755859376,55.7400016784668,51.90999984741211,2097.807958984375,2083.423974609375,2081.179931640625,2092.429931640625,13.260000228881836,14.116499948501588,13.890000343322754,13.9399995803833,0
55,2015-04-21,55.2599983215332,2097.2900390625,13.25,56.09599990844727,51.85899963378906,56.380001068115234,53.290000915527344,2098.09794921875,2083.06748046875,2100.39990234375,2095.840087890625,13.176000213623047,14.10849995613098,13.300000190734863,13.670000076293944,1
56,2015-04-22,56.15999984741211,2107.9599609375,12.710000038146973,56.05,52.29149971008301,55.2599983215332,56.38999938964844,2098.36396484375,2083.890478515625,2097.2900390625,2106.6298828125,13.150000190734863,14.062999963760376,13.25,12.84000015258789,1
57,2015-04-23,57.7400016784668,2112.929931640625,12.479999542236328,56.25600051879883,52.71799983978271,56.15999984741211,56.709999084472656,2099.951953125,2086.48447265625,2107.9599609375,2104.989990234375,13.126000022888183,13.914999961853027,12.710000038146973,12.600000381469728,0
58,2015-04-24,57.150001525878906,2117.68994140625,12.289999961853027,56.53800048828125,53.003999900817874,57.7400016784668,55.7400016784668,2107.253955078125,2089.561474609375,2112.929931640625,2081.179931640625,12.805999946594238,13.739499950408936,12.479999542236328,13.890000343322754,0
59,2015-04-27,56.9900016784668,2108.919921875,13.119999885559082,56.66000061035156,53.410000038146975,57.150001525878906,56.380001068115234,2108.957958984375,2091.9564697265623,2117.68994140625,2100.39990234375,12.769999885559082,13.641999959945679,12.289999961853027,13.300000190734863,1
60,2015-04-28,57.060001373291016,2114.760009765625,12.40999984741211,57.02000122070312,53.829000091552736,56.9900016784668,55.2599983215332,2112.451953125,2093.382470703125,2108.919921875,2097.2900390625,12.601999855041504,13.536999940872192,13.119999885559082,13.25,1
61,2015-04-29,58.58000183105469,2106.85009765625,13.390000343322754,57.50400161743164,54.378000259399414,57.060001373291016,56.15999984741211,2112.22998046875,2095.3304809570313,2114.760009765625,2107.9599609375,12.73799991607666,13.44199995994568,12.40999984741211,12.710000038146973,1
62,2015-04-30,59.630001068115234,2085.510009765625,14.550000190734863,57.88200149536133,54.85500030517578,58.58000183105469,57.7400016784668,2106.74599609375,2096.621484375,2106.85009765625,2112.929931640625,13.152000045776367,13.413999986648559,13.390000343322754,12.479999542236328,0
63,2015-05-01,59.150001525878906,2108.2900390625,12.699999809265137,58.28200149536133,55.35550041198731,59.630001068115234,57.150001525878906,2104.866015625,2098.68798828125,2085.510009765625,2117.68994140625,13.23400001525879,13.315499973297118,14.550000190734863,12.289999961853027,0
64,2015-05-04,58.93000030517578,2114.489990234375,12.850000381469728,58.67000122070313,55.69500045776367,59.150001525878906,56.9900016784668,2105.980029296875,2100.381481933594,2108.2900390625,2108.919921875,13.180000114440919,13.221000003814698,12.699999809265137,13.119999885559082,1
65,2015-05-05,60.400001525878906,2089.4599609375,14.3100004196167,59.3380012512207,56.0160005569458,58.93000030517578,57.060001373291016,2100.92001953125,2101.037976074219,2114.489990234375,2114.760009765625,13.560000228881837,13.197500038146973,12.850000381469728,12.40999984741211,1
66,2015-05-06,60.93000030517578,2080.14990234375,15.149999618530272,59.80800094604492,56.541500663757326,60.400001525878906,58.58000183105469,2095.57998046875,2100.950476074219,2089.4599609375,2106.85009765625,13.91200008392334,13.25600004196167,14.3100004196167,13.390000343322754,0
67,2015-05-07,58.93999862670898,2088.0,15.130000114440918,59.67000045776367,56.94900054931641,60.93000030517578,59.630001068115234,2096.077978515625,2100.7914794921876,2080.14990234375,2085.510009765625,14.02800006866455,13.358000040054321,15.149999618530272,14.550000190734863,1
68,2015-05-08,59.38999938964844,2116.10009765625,12.859999656677246,59.71800003051758,57.336500549316405,58.93999862670898,59.150001525878906,2097.639990234375,2101.4934814453127,2088.0,2108.2900390625,14.060000038146972,13.372000026702882,15.130000114440918,12.699999809265137,0
69,2015-05-11,59.25,2105.330078125,13.850000381469728,59.78199996948242,57.7035005569458,59.38999938964844,58.93000030517578,2095.8080078125,2102.1384887695312,2116.10009765625,2114.489990234375,14.260000038146973,13.367500066757202,12.859999656677246,12.850000381469728,1
70,2015-05-12,60.75,2099.1201171875,13.859999656677246,59.85199966430664,58.076500511169435,59.25,60.400001525878906,2097.7400390625,2102.302490234375,2105.330078125,2089.4599609375,14.169999885559083,13.377000045776366,13.850000381469728,14.3100004196167,0
71,2015-05-13,60.5,2098.47998046875,13.760000228881836,59.76599960327148,58.28200054168701,60.75,60.93000030517578,2101.4060546875,2101.8949951171876,2099.1201171875,2080.14990234375,13.892000007629395,13.423000049591064,13.859999656677246,15.149999618530272,0
72,2015-05-14,59.880001068115234,2121.10009765625,12.739999771118164,59.954000091552736,58.44050064086914,60.5,58.93999862670898,2108.02607421875,2102.7005004882812,2098.47998046875,2088.0,13.413999938964844,13.430000019073486,13.760000228881836,15.130000114440918,0
73,2015-05-15,59.68999862670898,2122.72998046875,12.380000114440918,60.013999938964844,58.63800048828125,59.880001068115234,59.38999938964844,2109.35205078125,2104.7780029296873,2121.10009765625,2116.10009765625,13.318000030517577,13.354500007629394,12.739999771118164,12.859999656677246,0
74,2015-05-18,59.43000030517578,2129.199951171875,12.729999542236328,60.05,58.790500450134275,59.68999862670898,59.25,2114.126025390625,2106.2180053710936,2122.72998046875,2105.330078125,13.093999862670898,13.325999975204468,12.380000114440918,13.850000381469728,0
75,2015-05-19,57.2599983215332,2127.830078125,12.850000381469728,59.35199966430664,58.890500450134276,59.43000030517578,60.75,2119.868017578125,2107.745007324219,2129.199951171875,2099.1201171875,12.892000007629395,13.305999994277954,12.729999542236328,13.859999656677246,1
76,2015-05-20,58.97999954223633,2125.85009765625,12.880000114440918,59.04799957275391,59.03150043487549,57.2599983215332,60.5,2125.342041015625,2108.639514160156,2127.830078125,2098.47998046875,12.715999984741211,13.314499998092652,12.850000381469728,13.760000228881836,1
77,2015-05-21,60.720001220703125,2130.820068359375,12.109999656677246,59.215999603271484,59.1805004119873,58.97999954223633,59.880001068115234,2127.28603515625,2109.5340209960937,2125.85009765625,2121.10009765625,12.589999961853028,13.296000003814697,12.880000114440918,12.739999771118164,0
78,2015-05-22,59.720001220703125,2126.06005859375,12.130000114440918,59.22200012207031,59.309000396728514,60.720001220703125,59.68999862670898,2127.95205078125,2109.952526855469,2130.820068359375,2122.72998046875,12.539999961853027,13.288000011444092,12.109999656677246,12.380000114440918,0
79,2015-05-26,58.02999877929688,2104.199951171875,14.0600004196167,58.94199981689453,59.36100025177002,59.720001220703125,59.43000030517578,2122.95205078125,2109.7165283203126,2126.06005859375,2129.199951171875,12.806000137329102,13.335000038146973,12.130000114440918,12.729999542236328,0
80,2015-05-27,57.5099983215332,2123.47998046875,13.270000457763672,58.991999816894534,59.38350009918213,58.02999877929688,57.2599983215332,2122.08203125,2110.1525268554688,2104.199951171875,2127.830078125,12.890000152587891,13.378000068664551,14.0600004196167,12.850000381469728,1
81,2015-05-28,57.68000030517578,2120.7900390625,13.3100004196167,58.73199996948242,59.338500022888184,57.5099983215332,58.97999954223633,2121.07001953125,2110.8495239257813,2123.47998046875,2125.85009765625,12.976000213623047,13.374000072479248,13.270000457763672,12.880000114440918,1
82,2015-05-29,60.29999923706055,2107.389892578125,13.84000015258789,58.6479995727539,59.37199993133545,57.68000030517578,60.720001220703125,2116.383984375,2111.9435180664063,2120.7900390625,2130.820068359375,13.322000312805176,13.3385000705719,13.3100004196167,12.109999656677246,0
83,2015-06-01,60.20000076293945,2111.72998046875,13.970000267028809,58.74399948120117,59.424499893188475,60.29999923706055,59.720001220703125,2113.51796875,2112.115515136719,2107.389892578125,2126.06005859375,13.690000343322755,13.402000093460083,13.84000015258789,12.130000114440918,1
84,2015-06-02,61.2599983215332,2109.60009765625,14.239999771118164,59.38999938964844,59.540999794006346,60.20000076293945,58.02999877929688,2114.597998046875,2111.8710205078123,2111.72998046875,2104.199951171875,13.726000213623047,13.471500062942505,13.970000267028809,14.0600004196167,0
85,2015-06-03,59.63999938964844,2114.070068359375,13.65999984741211,59.815999603271486,59.50299968719482,61.2599983215332,57.5099983215332,2112.716015625,2113.101525878906,2109.60009765625,2123.47998046875,13.804000091552734,13.439000034332276,14.239999771118164,13.270000457763672,0
86,2015-06-04,58.0,2095.840087890625,14.710000038146973,59.87999954223633,59.356499671936035,59.63999938964844,57.68000030517578,2107.726025390625,2113.88603515625,2114.070068359375,2120.7900390625,14.08400001525879,13.41700005531311,13.65999984741211,13.3100004196167,1
87,2015-06-05,59.130001068115234,2092.830078125,14.210000038146973,59.645999908447266,59.36599979400635,58.0,60.29999923706055,2104.8140625,2114.1275390625,2095.840087890625,2107.389892578125,14.157999992370605,13.371000051498413,14.710000038146973,13.84000015258789,0
88,2015-06-08,58.13999938964844,2079.280029296875,15.289999961853027,59.23399963378906,59.30349979400635,59.130001068115234,60.20000076293945,2098.324072265625,2112.2865356445313,2092.830078125,2111.72998046875,14.42199993133545,13.492500066757202,14.210000038146973,13.970000267028809,1
89,2015-06-09,60.13999938964844,2080.14990234375,14.470000267028809,59.00999984741211,59.34799976348877,58.13999938964844,61.2599983215332,2092.434033203125,2111.0275268554688,2079.280029296875,2109.60009765625,14.468000030517578,13.523500061035156,15.289999961853027,14.239999771118164,1
90,2015-06-10,61.43000030517578,2105.199951171875,13.220000267028809,59.36800003051758,59.381999778747556,60.13999938964844,59.63999938964844,2090.660009765625,2111.3315185546876,2080.14990234375,2114.070068359375,14.380000114440918,13.491500091552734,14.470000267028809,13.65999984741211,0
91,2015-06-11,60.77000045776367,2108.860107421875,12.850000381469728,59.922000122070315,59.395499801635744,61.43000030517578,58.0,2093.264013671875,2111.8505249023438,2105.199951171875,2095.840087890625,14.00800018310547,13.446000099182129,13.220000267028809,14.710000038146973,0
92,2015-06-12,59.959999084472656,2094.110107421875,13.779999732971191,60.087999725341795,59.39949970245361,60.77000045776367,59.130001068115234,2093.52001953125,2110.501025390625,2108.860107421875,2092.830078125,13.922000122070312,13.49800009727478,12.850000381469728,14.210000038146973,0
93,2015-06-15,59.52000045776367,2084.429931640625,15.390000343322754,60.363999938964845,59.39099979400635,59.959999084472656,58.13999938964844,2094.55,2108.5860229492187,2094.110107421875,2079.280029296875,13.942000198364259,13.648500108718872,13.779999732971191,15.289999961853027,1
94,2015-06-16,59.970001220703125,2096.2900390625,14.8100004196167,60.33000030517578,59.417999839782716,59.52000045776367,60.13999938964844,2097.77802734375,2106.94052734375,2084.429931640625,2080.14990234375,14.010000228881836,13.75250015258789,15.390000343322754,14.470000267028809,0
95,2015-06-17,59.91999816894531,2100.43994140625,14.5,60.02799987792969,59.55099983215332,59.970001220703125,61.43000030517578,2096.826025390625,2105.5710205078126,2096.2900390625,2105.199951171875,14.266000175476075,13.835000133514404,14.8100004196167,13.220000267028809,1
96,2015-06-18,60.45000076293945,2121.239990234375,13.1899995803833,59.96399993896485,59.62449989318848,59.91999816894531,60.77000045776367,2099.302001953125,2105.3405151367188,2100.43994140625,2108.860107421875,14.33400001525879,13.850500106811523,14.5,12.850000381469728,0
97,2015-06-19,59.61000061035156,2109.989990234375,13.960000038146973,59.89400024414063,59.5689998626709,60.45000076293945,59.959999084472656,2102.477978515625,2104.2990112304688,2121.239990234375,2094.110107421875,14.370000076293945,13.94300012588501,13.1899995803833,13.779999732971191,1
98,2015-06-22,59.68000030517578,2122.85009765625,12.739999771118164,59.92600021362305,59.56699981689453,59.61000061035156,59.52000045776367,2110.16201171875,2104.1385131835937,2109.989990234375,2084.429931640625,13.839999961853028,13.973500108718872,13.960000038146973,15.390000343322754,1
99,2015-06-23,61.0099983215332,2124.199951171875,12.109999656677246,60.13399963378906,59.71599979400635,59.68000030517578,59.970001220703125,2115.743994140625,2105.1385131835937,2122.85009765625,2096.2900390625,13.299999809265136,13.8760000705719,12.739999771118164,14.8100004196167,0
100,2015-06-24,60.27000045776367,2108.580078125,13.260000228881836,60.204000091552736,59.85399990081787,61.0099983215332,59.91999816894531,2117.372021484375,2104.393518066406,2124.199951171875,2100.43994140625,13.051999855041505,13.875500059127807,12.109999656677246,14.5,0
101,2015-06-25,59.70000076293945,2102.31005859375,14.010000228881836,60.05400009155274,59.954999923706055,60.27000045776367,60.45000076293945,2113.58603515625,2103.469519042969,2108.580078125,2121.239990234375,13.215999984741211,13.910500049591064,13.260000228881836,13.1899995803833,0
102,2015-06-26,59.630001068115234,2101.489990234375,14.020000457763672,60.05800018310547,59.921500015258786,59.70000076293945,59.61000061035156,2111.88603515625,2103.174523925781,2102.31005859375,2109.989990234375,13.228000068664551,13.919500064849853,14.010000228881836,13.960000038146973,0
103,2015-06-29,58.33000183105469,2057.639892578125,18.850000381469727,59.78800048828125,59.82800006866455,59.630001068115234,59.68000030517578,2098.843994140625,2100.47001953125,2101.489990234375,2122.85009765625,14.450000190734864,14.1635000705719,14.020000457763672,12.739999771118164,1
104,2015-06-30,59.470001220703125,2063.110107421875,18.229999542236328,59.480001068115236,59.73850021362305,58.33000183105469,61.0099983215332,2086.626025390625,2098.1455200195314,2057.639892578125,2124.199951171875,15.67400016784668,14.363000059127808,18.850000381469727,12.109999656677246,0
105,2015-07-01,56.959999084472656,2077.419921875,16.09000015258789,58.81800079345703,59.604500198364256,59.470001220703125,60.27000045776367,2080.393994140625,2096.3130126953124,2063.110107421875,2108.580078125,16.24000015258789,14.484500074386597,18.229999542236328,13.260000228881836,0
106,2015-07-02,56.93000030517578,2076.780029296875,16.790000915527344,58.264000701904294,59.55100021362305,56.959999084472656,59.70000076293945,2075.28798828125,2095.360009765625,2077.419921875,2102.31005859375,16.796000289916993,14.588500118255615,16.09000015258789,14.010000228881836,0
107,2015-07-06,52.52999877929688,2068.760009765625,17.010000228881836,56.844000244140624,59.22100009918213,56.93000030517578,59.630001068115234,2068.7419921875,2094.1565063476564,2076.780029296875,2101.489990234375,17.394000244140624,14.728500127792358,16.790000915527344,14.020000457763672,0
108,2015-07-07,52.33000183105469,2081.340087890625,16.09000015258789,55.64400024414063,58.930500221252444,52.52999877929688,58.33000183105469,2073.48203125,2094.2595092773436,2068.760009765625,2057.639892578125,16.842000198364257,14.768500137329102,17.010000228881836,18.850000381469727,0
109,2015-07-08,51.650001525878906,2046.6800537109373,19.65999984741211,54.08000030517578,58.50600032806396,52.33000183105469,59.470001220703125,2070.1960205078126,2092.586016845703,2081.340087890625,2063.110107421875,17.128000259399414,15.028000116348267,16.09000015258789,18.229999542236328,1
110,2015-07-09,52.77999877929688,2051.31005859375,19.96999931335449,53.24400024414062,58.07350025177002,51.650001525878906,56.959999084472656,2064.9740478515623,2089.891522216797,2046.6800537109373,2077.419921875,17.904000091552735,15.36550006866455,19.65999984741211,16.09000015258789,0
111,2015-07-10,52.7400016784668,2076.6201171875,16.829999923706055,52.40600051879883,57.672000312805174,52.77999877929688,56.93000030517578,2064.9420654296873,2088.2795227050783,2051.31005859375,2076.780029296875,17.911999893188476,15.564500045776366,19.96999931335449,16.790000915527344,0
112,2015-07-13,52.20000076293945,2099.60009765625,13.899999618530272,52.34000091552734,57.284000396728516,52.7400016784668,52.52999877929688,2071.1100830078126,2088.554022216797,2076.6201171875,2068.760009765625,17.289999771118165,15.570500040054322,16.829999923706055,17.010000228881836,1
113,2015-07-14,53.040000915527344,2108.949951171875,13.369999885559082,52.482000732421874,56.9600004196167,52.20000076293945,52.33000183105469,2076.6320556640626,2089.7800231933593,2099.60009765625,2081.340087890625,16.7459997177124,15.469500017166137,13.899999618530272,16.09000015258789,0
114,2015-07-15,51.40999984741211,2107.39990234375,13.229999542236328,52.434000396728514,56.532000350952146,53.040000915527344,51.650001525878906,2088.776025390625,2090.335516357422,2108.949951171875,2046.6800537109373,15.459999656677246,15.39049997329712,13.369999885559082,19.65999984741211,0
115,2015-07-16,50.90999984741211,2124.2900390625,12.109999656677246,52.060000610351565,56.08150043487549,51.40999984741211,52.77999877929688,2103.372021484375,2091.5280212402345,2107.39990234375,2051.31005859375,13.887999725341796,15.270999956130982,13.229999542236328,19.96999931335449,0
116,2015-07-17,50.88999938964844,2126.639892578125,11.949999809265137,51.69000015258789,55.60350036621094,50.90999984741211,52.7400016784668,2113.3759765625,2091.798016357422,2124.2900390625,2076.6201171875,12.911999702453613,15.208999967575073,12.109999656677246,16.829999923706055,0
117,2015-07-20,50.150001525878906,2128.280029296875,12.25,51.28000030517578,55.130500411987306,50.88999938964844,52.20000076293945,2119.111962890625,2092.712518310547,2126.639892578125,2099.60009765625,12.581999778747559,15.123499965667724,11.949999809265137,13.899999618530272,1
118,2015-07-21,50.36000061035156,2119.2099609375,12.220000267028809,50.74400024414062,54.6645004272461,50.150001525878906,53.040000915527344,2121.16396484375,2092.5305114746093,2128.280029296875,2108.949951171875,12.351999855041504,15.097499990463257,12.25,13.369999885559082,0
119,2015-07-22,49.18999862670898,2114.14990234375,12.119999885559082,50.3,54.07350044250488,50.36000061035156,51.40999984741211,2122.51396484375,2092.028009033203,2119.2099609375,2107.39990234375,12.129999923706055,15.098000001907348,12.220000267028809,13.229999542236328,0
120,2015-07-23,48.45000076293945,2102.14990234375,12.640000343322754,49.80800018310547,53.48250045776367,49.18999862670898,50.90999984741211,2118.0859375,2091.7065002441404,2114.14990234375,2124.2900390625,12.236000061035156,15.067000007629394,12.119999885559082,12.109999656677246,0
121,2015-07-24,48.13999938964844,2079.64990234375,13.739999771118164,49.258000183105466,52.90450038909912,48.45000076293945,50.88999938964844,2108.687939453125,2090.5734924316407,2102.14990234375,2126.639892578125,12.594000053405761,15.053499984741212,12.640000343322754,11.949999809265137,0
122,2015-07-27,47.38999938964844,2067.639892578125,15.600000381469728,48.705999755859374,52.29250030517578,48.13999938964844,50.150001525878906,2096.559912109375,2088.880987548828,2079.64990234375,2128.280029296875,13.264000129699706,15.132499980926514,13.739999771118164,12.25,1
123,2015-07-28,47.97999954223633,2093.25,13.4399995803833,48.22999954223633,51.775000190734865,47.38999938964844,50.36000061035156,2091.367919921875,2090.661492919922,2067.639892578125,2119.2099609375,13.507999992370605,14.861999940872192,15.600000381469728,12.220000267028809,1
124,2015-07-29,48.790000915527344,2108.570068359375,12.5,48.15,51.241000175476074,47.97999954223633,49.18999862670898,2090.251953125,2092.934490966797,2093.25,2114.14990234375,13.58400001525879,14.575499963760375,13.4399995803833,12.119999885559082,0
125,2015-07-30,48.52000045776367,2108.6298828125,12.130000114440918,48.16399993896484,50.819000244140625,48.790000915527344,48.45000076293945,2091.54794921875,2094.494989013672,2108.570068359375,2102.14990234375,13.481999969482422,14.377499961853028,12.5,12.640000343322754,0
126,2015-07-31,47.119998931884766,2103.840087890625,12.119999885559082,47.95999984741211,50.32850017547607,48.52000045776367,48.13999938964844,2096.385986328125,2095.8479919433594,2108.6298828125,2079.64990234375,13.157999992370605,14.143999910354614,12.130000114440918,13.739999771118164,0
127,2015-08-03,45.16999816894531,2098.0400390625,12.5600004196167,47.51599960327148,49.960500144958495,47.119998931884766,47.38999938964844,2102.466015625,2097.3119934082033,2103.840087890625,2067.639892578125,12.55,13.921499919891357,12.119999885559082,15.600000381469728,1
128,2015-08-04,45.7400016784668,2093.320068359375,13.0,47.06800003051758,49.6310001373291,45.16999816894531,47.97999954223633,2102.480029296875,2097.910992431641,2098.0400390625,2093.25,12.46200008392334,13.766999912261962,12.5600004196167,13.4399995803833,0
129,2015-08-05,45.150001525878906,2099.840087890625,12.510000228881836,46.34000015258789,49.3060001373291,45.7400016784668,48.790000915527344,2100.734033203125,2100.568994140625,2093.320068359375,2108.570068359375,12.464000129699707,13.40949993133545,13.0,12.5,0
130,2015-08-06,44.65999984741211,2083.56005859375,13.770000457763672,45.56800003051758,48.900000190734865,45.150001525878906,48.52000045776367,2095.720068359375,2102.181494140625,2099.840087890625,2108.6298828125,12.792000198364258,13.099499988555909,12.510000228881836,12.130000114440918,0
131,2015-08-07,43.869998931884766,2077.570068359375,13.390000343322754,44.918000030517575,48.45650005340576,44.65999984741211,47.119998931884766,2090.466064453125,2102.2289916992186,2083.56005859375,2103.840087890625,13.046000289916993,12.927500009536743,13.770000457763672,12.119999885559082,1
132,2015-08-10,44.959999084472656,2104.179931640625,12.229999542236328,44.876000213623044,48.09449996948242,43.869998931884766,45.16999816894531,2091.69404296875,2102.4579833984376,2077.570068359375,2098.0400390625,12.980000114440918,12.844000005722046,13.390000343322754,12.5600004196167,0
133,2015-08-11,43.08000183105469,2084.070068359375,13.710000038146973,44.344000244140624,47.59650001525879,44.959999084472656,45.7400016784668,2089.84404296875,2101.2139892578125,2104.179931640625,2093.320068359375,13.122000122070313,12.86100001335144,12.229999542236328,13.0,1
134,2015-08-12,43.29999923706055,2086.050048828125,13.609999656677246,43.97399978637695,47.19099998474121,43.08000183105469,45.150001525878906,2087.08603515625,2100.1464965820314,2084.070068359375,2099.840087890625,13.342000007629395,12.880000019073487,13.710000038146973,12.510000228881836,0
135,2015-08-13,42.22999954223633,2083.389892578125,13.489999771118164,43.487999725341794,46.75699996948242,43.29999923706055,44.65999984741211,2087.052001953125,2098.1014892578123,2086.050048828125,2083.56005859375,13.285999870300293,12.949000024795533,13.609999656677246,13.770000457763672,1
136,2015-08-14,42.5,2091.5400390625,12.829999923706056,43.21399993896485,46.3375,42.22999954223633,43.869998931884766,2089.84599609375,2096.3464965820312,2083.389892578125,2077.570068359375,13.173999786376953,12.993000030517578,13.489999771118164,13.390000343322754,0
137,2015-08-17,41.869998931884766,2102.43994140625,13.020000457763672,42.59599990844727,45.92349987030029,42.5,44.959999084472656,2089.497998046875,2095.0544921875,2091.5400390625,2104.179931640625,13.331999969482421,13.031500053405761,12.829999923706056,12.229999542236328,1
138,2015-08-18,42.619998931884766,2096.919921875,13.789999961853027,42.50399932861328,45.53649978637695,41.869998931884766,43.08000183105469,2092.06796875,2093.939990234375,2102.43994140625,2084.070068359375,13.347999954223633,13.110000038146973,13.020000457763672,13.710000038146973,0
139,2015-08-19,40.79999923706055,2079.610107421875,15.25,42.00399932861328,45.116999816894534,42.619998931884766,43.29999923706055,2090.77998046875,2092.213000488281,2096.919921875,2086.050048828125,13.676000022888184,13.26650004386902,13.789999961853027,13.609999656677246,1
140,2015-08-20,41.13999938964844,2035.72998046875,19.13999938964844,41.7859992980957,44.75149974822998,40.79999923706055,42.22999954223633,2081.247998046875,2088.8920043945313,2079.610107421875,2083.389892578125,14.805999946594238,13.591499996185302,15.25,13.489999771118164,0
141,2015-08-21,40.45000076293945,1970.8900146484373,28.030000686645508,41.375999450683594,44.366999816894534,41.13999938964844,42.5,2057.1179931640627,2083.4540100097656,2035.72998046875,2091.5400390625,17.846000099182127,14.30600004196167,19.13999938964844,12.829999923706056,0
142,2015-08-24,38.2400016784668,1893.2099609375,40.7400016784668,40.65,43.909499931335446,40.45000076293945,41.869998931884766,2015.2719970703124,2074.7325134277344,1970.8900146484373,2102.43994140625,23.390000343322754,15.563000106811524,28.030000686645508,13.020000457763672,1
143,2015-08-25,39.310001373291016,1867.6099853515625,36.02000045776367,39.98800048828125,43.476000022888186,38.2400016784668,42.619998931884766,1969.410009765625,2063.4505126953127,1893.2099609375,2096.919921875,27.836000442504883,16.692000150680542,40.7400016784668,13.789999961853027,0
144,2015-08-26,38.59999847412109,1940.510009765625,30.31999969482422,39.54800033569335,42.96649990081787,39.310001373291016,40.79999923706055,1941.589990234375,2055.047509765625,1867.6099853515625,2079.610107421875,30.850000381469727,17.583000135421752,36.02000045776367,15.25,1
145,2015-08-27,42.560001373291016,1987.6600341796875,26.100000381469727,39.832000732421875,42.66849994659424,38.59999847412109,41.13999938964844,1931.9760009765625,2048.9990173339843,1940.510009765625,2035.72998046875,32.242000579833984,18.281500148773194,30.31999969482422,19.13999938964844,1
146,2015-08-28,45.220001220703125,1988.8699951171875,26.049999237060547,40.78600082397461,42.573500061035155,42.560001373291016,40.45000076293945,1935.5719970703126,2043.2505126953124,1987.6600341796875,1970.8900146484373,31.846000289916994,18.978000116348266,26.100000381469727,28.030000686645508,1
147,2015-08-31,49.20000076293945,1972.1800537109373,28.43000030517578,42.97800064086914,42.775000190734865,45.220001220703125,38.2400016784668,1951.366015625,2036.9575134277343,1988.8699951171875,1893.2099609375,29.38400001525879,19.77150011062622,26.049999237060547,40.7400016784668,0
148,2015-09-01,45.40999984741211,1913.8499755859373,31.399999618530277,44.19800033569336,42.75850009918213,49.20000076293945,39.310001373291016,1960.614013671875,2027.9840087890625,1972.1800537109373,1867.6099853515625,28.45999984741211,20.691500091552733,28.43000030517578,36.02000045776367,1
149,2015-09-02,46.25,1948.8599853515625,26.09000015258789,45.72800064086914,42.813500022888185,45.40999984741211,38.59999847412109,1962.2840087890625,2020.4350036621095,1913.8499755859373,1940.510009765625,27.613999938964845,21.370500087738037,31.399999618530277,30.31999969482422,1
150,2015-09-03,46.75,1951.1300048828125,25.61000061035156,46.566000366210936,42.918000030517575,46.25,42.560001373291016,1954.9780029296876,2013.8135009765624,1948.8599853515625,1987.6600341796875,27.51599998474121,21.96250009536743,26.09000015258789,26.100000381469727,0
151,2015-09-04,46.04999923706055,1921.219970703125,27.799999237060547,46.73199996948242,43.02700004577637,46.75,45.220001220703125,1941.447998046875,2005.99599609375,1951.1300048828125,1988.8699951171875,27.86599998474121,22.68300004005432,25.61000061035156,26.049999237060547,0
152,2015-09-08,45.93999862670898,1969.4100341796875,24.899999618530277,46.07999954223633,43.07600002288818,46.04999923706055,49.20000076293945,1940.893994140625,1999.257501220703,1921.219970703125,1972.1800537109373,27.15999984741211,23.31650004386902,27.799999237060547,28.43000030517578,0
153,2015-09-09,44.150001525878906,1942.0400390625,26.229999542236328,45.827999877929685,43.129500007629396,45.93999862670898,45.40999984741211,1946.5320068359374,1992.1559997558593,1969.4100341796875,1913.8499755859373,26.12599983215332,23.942500019073485,24.899999618530277,31.399999618530277,1
154,2015-09-10,45.91999816894531,1952.2900390625,24.3700008392334,45.76199951171875,43.26049995422363,44.150001525878906,46.25,1947.218017578125,1985.467999267578,1942.0400390625,1948.8599853515625,25.78199996948242,24.480500078201295,26.229999542236328,26.09000015258789,0
155,2015-09-11,44.630001068115234,1961.050048828125,23.200000762939453,45.337999725341795,43.38050003051758,45.91999816894531,46.75,1949.2020263671875,1979.351007080078,1952.2900390625,1951.1300048828125,25.3,24.96600012779236,24.3700008392334,25.61000061035156,0
156,2015-09-14,44.0,1953.030029296875,24.25,44.927999877929686,43.45550003051758,44.630001068115234,46.04999923706055,1955.5640380859375,1972.4255065917969,1961.050048828125,1921.219970703125,24.59000015258789,25.537000131607055,23.200000762939453,27.799999237060547,1
157,2015-09-15,44.59000015258789,1978.0899658203125,22.540000915527344,44.65800018310547,43.59150009155273,44.0,45.93999862670898,1957.3000244140626,1966.2080078125,1953.030029296875,1969.4100341796875,24.118000411987303,26.013000154495238,24.25,24.899999618530277,1
158,2015-09-16,47.150001525878906,1995.31005859375,21.350000381469727,45.258000183105466,43.81800022125244,44.59000015258789,44.150001525878906,1967.9540283203125,1961.1275146484375,1978.0899658203125,1942.0400390625,23.142000579833983,26.391000175476073,22.540000915527344,26.229999542236328,0
159,2015-09-17,46.900001525878906,1990.199951171875,21.13999938964844,45.454000854492186,44.12300033569336,47.150001525878906,45.91999816894531,1975.5360107421875,1956.6570068359374,1995.31005859375,1952.2900390625,22.496000289916992,26.685500144958496,21.350000381469727,24.3700008392334,0
160,2015-09-18,44.68000030517578,1958.030029296875,22.280000686645508,45.4640007019043,44.30000038146973,46.900001525878906,44.630001068115234,1974.9320068359375,1952.7720092773438,1990.199951171875,1961.050048828125,22.312000274658203,26.84250020980835,21.13999938964844,23.200000762939453,1
161,2015-09-21,46.68000030517578,1966.969970703125,20.13999938964844,46.00000076293945,44.611500358581544,44.68000030517578,44.0,1977.7199951171874,1952.5760070800782,1958.030029296875,1953.030029296875,21.490000152587893,26.448000144958495,22.280000686645508,24.25,0
162,2015-09-22,45.83000183105469,1942.739990234375,22.440000534057617,46.24800109863281,44.99100036621094,46.68000030517578,44.59000015258789,1970.65,1955.052508544922,1966.969970703125,1978.0899658203125,21.47000007629395,25.53300008773804,20.13999938964844,22.540000915527344,0
163,2015-09-23,44.47999954223633,1938.760009765625,22.1299991607666,45.7140007019043,45.2495002746582,45.83000183105469,47.150001525878906,1959.339990234375,1958.610009765625,1942.739990234375,1995.31005859375,21.625999832153322,24.838500022888184,22.440000534057617,21.350000381469727,1
164,2015-09-24,44.90999984741211,1932.239990234375,23.46999931335449,45.316000366210936,45.56500034332275,44.47999954223633,46.900001525878906,1947.747998046875,1958.1965087890626,1938.760009765625,1990.199951171875,22.091999816894532,24.496000003814697,22.1299991607666,21.13999938964844,1
165,2015-09-25,45.70000076293945,1931.3399658203125,23.6200008392334,45.52000045776367,45.72200031280518,44.90999984741211,44.68000030517578,1942.4099853515625,1955.3805053710937,1932.239990234375,1958.030029296875,22.35999984741211,24.37200002670288,23.46999931335449,22.280000686645508,0
166,2015-09-28,44.43000030517578,1881.77001953125,27.6299991607666,45.07000045776367,45.68250026702881,45.70000076293945,46.68000030517578,1925.3699951171875,1950.0255065917968,1931.3399658203125,1966.969970703125,23.857999801635742,24.451000022888184,23.6200008392334,20.13999938964844,1
167,2015-09-29,45.22999954223633,1884.0899658203125,26.82999992370605,44.95,45.48400020599365,44.43000030517578,45.83000183105469,1913.639990234375,1945.6210021972656,1881.77001953125,1942.739990234375,24.735999679565428,24.371000003814697,27.6299991607666,22.440000534057617,0
168,2015-09-30,45.09000015258789,1920.030029296875,24.5,45.072000122070314,45.46800022125244,45.22999954223633,44.47999954223633,1909.893994140625,1945.9300048828125,1884.0899658203125,1938.760009765625,25.209999847412107,24.026000022888184,26.82999992370605,22.1299991607666,0
169,2015-10-01,44.7400016784668,1923.8199462890625,22.549999237060547,45.03800048828125,45.39250030517578,45.09000015258789,44.90999984741211,1908.2099853515624,1944.6780029296874,1920.030029296875,1932.239990234375,25.02599983215332,23.848999977111816,24.5,23.46999931335449,1
170,2015-10-02,45.540000915527344,1951.3599853515625,20.940000534057617,45.00600051879883,45.33200035095215,44.7400016784668,45.70000076293945,1912.2139892578125,1944.689501953125,1923.8199462890625,1931.3399658203125,24.489999771118164,23.61549997329712,22.549999237060547,23.6200008392334,1
171,2015-10-05,46.2599983215332,1987.050048828125,19.540000915527344,45.37200012207031,45.34250030517578,45.540000915527344,44.43000030517578,1933.2699951171876,1947.981005859375,1951.3599853515625,1881.77001953125,22.87200012207031,23.20250005722046,20.940000534057617,27.6299991607666,1
172,2015-10-06,48.52999877929688,1979.9200439453125,19.399999618530277,46.03199996948242,45.47200031280518,46.2599983215332,45.22999954223633,1952.4360107421876,1948.5065063476563,1987.050048828125,1884.0899658203125,21.386000061035155,22.92750005722046,19.540000915527344,26.82999992370605,0
173,2015-10-07,47.810001373291016,1995.8299560546875,18.399999618530277,46.57600021362305,45.65500030517578,48.52999877929688,45.09000015258789,1967.59599609375,1951.1960021972657,1979.9200439453125,1920.030029296875,20.165999984741212,22.536000061035157,19.399999618530277,24.5,1
174,2015-10-08,49.43000030517578,2013.4300537109373,17.420000076293945,47.513999938964844,45.8305004119873,47.810001373291016,44.7400016784668,1985.518017578125,1954.2530029296875,1995.8299560546875,1923.8199462890625,19.140000152587895,22.188500022888185,18.399999618530277,22.549999237060547,1
175,2015-10-09,49.630001068115234,2014.8900146484373,17.079999923706055,48.331999969482425,46.0805004119873,49.43000030517578,45.540000915527344,1998.2240234375,1956.945001220703,2013.4300537109373,1951.3599853515625,18.36800003051758,21.882499980926514,17.420000076293945,20.940000534057617,0
176,2015-10-12,47.09999847412109,2017.4599609375,16.170000076293945,48.5,46.23550033569336,49.630001068115234,46.2599983215332,2004.306005859375,1960.1664978027343,2014.8900146484373,1987.050048828125,17.6939998626709,21.478499984741212,17.079999923706055,19.540000915527344,0
177,2015-10-13,46.65999984741211,2003.68994140625,17.670000076293945,48.126000213623044,46.33900032043457,47.09999847412109,48.52999877929688,2009.0599853515625,1961.4464965820312,2017.4599609375,1979.9200439453125,17.34799995422363,21.23499994277954,16.170000076293945,19.399999618530277,0
178,2015-10-14,46.63999938964844,1994.239990234375,18.030000686645508,47.89199981689453,46.313500213623044,46.65999984741211,47.810001373291016,2008.7419921875,1961.3929931640625,2003.68994140625,1995.8299560546875,17.27400016784668,21.06899995803833,17.670000076293945,18.399999618530277,0
179,2015-10-15,46.380001068115234,2023.8599853515625,16.049999237060547,47.28199996948242,46.28750019073486,46.63999938964844,49.43000030517578,2010.827978515625,1963.075994873047,1994.239990234375,2013.4300537109373,17.0,20.814499950408937,18.030000686645508,17.420000076293945,1
180,2015-10-16,47.2599983215332,2033.1099853515625,15.050000190734863,46.80799942016601,46.416500091552734,46.380001068115234,49.630001068115234,2014.47197265625,1966.8299926757813,2023.8599853515625,2014.8900146484373,16.59400005340576,20.452999925613405,16.049999237060547,17.079999923706055,0
181,2015-10-19,45.88999938964844,2033.6600341796875,14.979999542236328,46.565999603271486,46.37700004577637,47.2599983215332,47.09999847412109,2017.7119873046875,1970.1644958496095,2033.1099853515625,2017.4599609375,16.35599994659424,20.194999933242798,15.050000190734863,16.170000076293945,0
182,2015-10-20,45.54999923706055,2030.77001953125,15.75,46.34399948120117,46.36299991607666,45.88999938964844,46.65999984741211,2023.1280029296875,1974.5659973144532,2033.6600341796875,2003.68994140625,15.97199993133545,19.860499906539918,14.979999542236328,17.670000076293945,0
183,2015-10-21,45.20000076293945,2018.93994140625,16.700000762939453,46.055999755859375,46.398999977111814,45.54999923706055,46.63999938964844,2028.0679931640625,1978.5749938964843,2030.77001953125,1994.239990234375,15.705999946594238,19.58899998664856,15.75,18.030000686645508,1
184,2015-10-22,45.380001068115234,2052.510009765625,14.449999809265137,45.85599975585937,46.42250003814697,45.20000076293945,46.380001068115234,2033.797998046875,1984.5884948730468,2018.93994140625,2023.8599853515625,15.386000061035157,19.138000011444092,16.700000762939453,16.049999237060547,0
185,2015-10-23,44.59999847412109,2075.14990234375,14.460000038146973,45.32399978637695,46.367499923706056,45.380001068115234,47.2599983215332,2042.2059814453125,1991.7789916992188,2052.510009765625,2033.1099853515625,15.268000030517578,18.67999997138977,14.449999809265137,15.050000190734863,0
186,2015-10-26,43.97999954223633,2071.179931640625,15.289999961853027,44.94199981689453,46.34499988555908,44.59999847412109,45.88999938964844,2049.7099609375,2001.2494873046876,2075.14990234375,2033.6600341796875,15.330000114440917,18.063000011444093,14.460000038146973,14.979999542236328,0
187,2015-10-27,43.20000076293945,2065.889892578125,15.43000030517578,44.47200012207031,46.24349994659424,43.97999954223633,45.54999923706055,2056.733935546875,2010.3394836425782,2071.179931640625,2030.77001953125,15.266000175476075,17.493000030517578,15.289999961853027,15.75,1
188,2015-10-28,45.93999862670898,2090.35009765625,14.329999923706056,44.619999694824216,46.285999870300294,43.20000076293945,45.20000076293945,2071.015966796875,2018.855487060547,2065.889892578125,2018.93994140625,14.792000007629394,16.984500026702882,15.43000030517578,16.700000762939453,1
189,2015-10-29,46.060001373291016,2089.409912109375,14.609999656677246,44.75599975585938,46.351999855041505,45.93999862670898,45.380001068115234,2078.395947265625,2027.1349853515626,2090.35009765625,2052.510009765625,14.823999977111816,16.587500047683715,14.329999923706056,14.449999809265137,1
190,2015-10-30,46.59000015258789,2079.360107421875,15.06999969482422,45.15400009155273,46.40449981689453,46.060001373291016,44.59999847412109,2079.23798828125,2033.5349914550782,2089.409912109375,2075.14990234375,14.945999908447266,16.294000005722047,14.609999656677246,14.460000038146973,0
191,2015-11-02,46.13999938964844,2104.050048828125,14.149999618530272,45.58600006103516,46.39849987030029,46.59000015258789,43.97999954223633,2085.81201171875,2039.384991455078,2079.360107421875,2071.179931640625,14.717999839782715,16.024499940872193,15.06999969482422,15.289999961853027,1
192,2015-11-03,47.900001525878906,2109.7900390625,14.539999961853027,46.52600021362305,46.36700000762939,46.13999938964844,43.20000076293945,2094.592041015625,2045.8784912109375,2104.050048828125,2065.889892578125,14.539999771118165,15.78149995803833,14.149999618530272,15.43000030517578,0
193,2015-11-04,46.31999969482422,2102.31005859375,15.510000228881836,46.6020004272461,46.29249992370605,47.900001525878906,45.93999862670898,2096.984033203125,2051.202496337891,2109.7900390625,2090.35009765625,14.775999832153321,15.636999988555909,14.539999961853027,14.329999923706056,0
194,2015-11-05,45.20000076293945,2099.929931640625,15.050000190734863,46.43000030517578,46.08099994659424,46.31999969482422,46.060001373291016,2099.088037109375,2055.527490234375,2102.31005859375,2089.409912109375,14.863999938964843,15.518499994277954,15.510000228881836,14.609999656677246,0
195,2015-11-06,44.290000915527344,2099.199951171875,14.329999923706056,45.970000457763675,45.81399993896484,45.20000076293945,46.59000015258789,2103.056005859375,2059.742987060547,2099.929931640625,2079.360107421875,14.715999984741211,15.380999994277953,15.050000190734863,15.06999969482422,0
196,2015-11-09,43.869998931884766,2078.580078125,16.520000457763672,45.51600036621094,45.652499961853025,44.290000915527344,46.13999938964844,2097.96201171875,2062.798992919922,2099.199951171875,2104.050048828125,15.19000015258789,15.398500013351441,14.329999923706056,14.149999618530272,1
197,2015-11-10,44.209999084472656,2081.719970703125,15.289999961853027,44.77799987792969,45.52999992370606,43.869998931884766,47.900001525878906,2092.347998046875,2066.7004943847655,2078.580078125,2109.7900390625,15.34000015258789,15.279500007629395,16.520000457763672,14.539999961853027,0
198,2015-11-11,42.93000030517578,2075.0,16.059999465942383,44.1,45.34449996948242,44.209999084472656,46.31999969482422,2086.885986328125,2070.738494873047,2081.719970703125,2102.31005859375,15.45,15.180999946594238,15.289999961853027,15.510000228881836,0
199,2015-11-12,41.75,2045.969970703125,18.3700008392334,43.40999984741211,45.11299991607666,42.93000030517578,45.20000076293945,2076.093994140625,2071.843994140625,2075.0,2099.929931640625,16.114000129699708,15.29700002670288,16.059999465942383,15.050000190734863,0
200,2015-11-13,40.7400016784668,2023.0400390625,20.07999992370605,42.7,44.78700008392334,41.75,44.290000915527344,2060.86201171875,2071.340496826172,2045.969970703125,2099.199951171875,17.264000129699706,15.54850001335144,18.3700008392334,14.329999923706056,1
201,2015-11-16,41.7400016784668,2053.18994140625,18.15999984741211,42.274000549316405,44.57950019836426,40.7400016784668,43.869998931884766,2055.783984375,2072.3169921875,2023.0400390625,2078.580078125,17.592000007629395,15.70750002861023,20.07999992370605,16.520000457763672,0
202,2015-11-17,40.66999816894531,2050.43994140625,18.84000015258789,41.566000366210936,44.335500144958495,41.7400016784668,44.209999084472656,2049.527978515625,2073.30048828125,2053.18994140625,2081.719970703125,18.302000045776367,15.862000036239625,18.15999984741211,15.289999961853027,1
203,2015-11-18,40.75,2083.580078125,16.850000381469727,41.130000305175784,44.113000106811526,40.66999816894531,42.93000030517578,2051.243994140625,2076.5324951171874,2050.43994140625,2075.0,18.460000228881835,15.869500017166137,18.84000015258789,16.059999465942383,0
204,2015-11-19,40.540000915527344,2081.239990234375,16.989999771118164,40.88800048828125,43.871000099182126,40.75,41.75,2058.297998046875,2077.968994140625,2083.580078125,2045.969970703125,18.18400001525879,15.996500015258789,16.850000381469727,18.3700008392334,0
205,2015-11-20,40.38999938964844,2089.169921875,15.470000267028809,40.81800003051758,43.6605001449585,40.540000915527344,40.7400016784668,2071.523974609375,2078.6699951171877,2081.239990234375,2023.0400390625,17.26200008392334,16.047000026702882,16.989999771118164,20.07999992370605,1
206,2015-11-23,41.75,2086.590087890625,15.619999885559082,40.81999969482422,43.54900016784668,40.38999938964844,41.7400016784668,2078.20400390625,2079.4405029296877,2089.169921875,2053.18994140625,16.754000091552733,16.063500022888185,15.470000267028809,18.15999984741211,1
207,2015-11-24,42.869998931884766,2089.139892578125,15.93000030517578,41.25999984741211,43.53250007629394,41.75,40.66999816894531,2085.943994140625,2080.6030029296876,2086.590087890625,2050.43994140625,16.172000122070312,16.088500022888184,15.619999885559082,18.84000015258789,1
208,2015-11-25,43.040000915527344,2088.8701171875,15.1899995803833,41.71800003051758,43.38750019073486,42.869998931884766,40.75,2087.002001953125,2080.52900390625,2089.139892578125,2083.580078125,15.839999961853028,16.131500005722046,15.93000030517578,16.850000381469727,0
209,2015-11-27,41.709999084472656,2090.110107421875,15.119999885559082,41.95199966430664,43.170000076293945,43.040000915527344,40.540000915527344,2088.776025390625,2080.564013671875,2088.8701171875,2081.239990234375,15.465999984741211,16.157000017166137,15.1899995803833,16.989999771118164,0
210,2015-11-30,41.650001525878906,2080.409912109375,16.1299991607666,42.204000091552736,42.92300014495849,41.709999084472656,40.38999938964844,2087.0240234375,2080.61650390625,2090.110107421875,2089.169921875,15.597999763488769,16.209999990463256,15.119999885559082,15.470000267028809,1
211,2015-12-01,41.84999847412109,2102.6298828125,14.670000076293944,42.22399978637695,42.70850009918213,41.650001525878906,41.75,2090.231982421875,2080.5454956054687,2080.409912109375,2086.590087890625,15.40799980163574,16.23600001335144,16.1299991607666,15.619999885559082,0
212,2015-12-02,39.93999862670898,2079.510009765625,15.90999984741211,41.6379997253418,42.31049995422363,41.84999847412109,42.869998931884766,2088.306005859375,2079.031494140625,2102.6298828125,2089.139892578125,15.403999710083008,16.304500007629393,14.670000076293944,15.93000030517578,1
213,2015-12-03,41.08000183105469,2049.6201171875,18.11000061035156,41.24599990844727,42.048500061035156,39.93999862670898,43.040000915527344,2080.456005859375,2076.3969970703124,2079.510009765625,2088.8701171875,15.98799991607666,16.43450002670288,15.90999984741211,15.1899995803833,0
214,2015-12-04,39.970001220703125,2091.68994140625,14.8100004196167,40.89800033569336,41.78700008392334,41.08000183105469,41.709999084472656,2080.77197265625,2075.984997558594,2049.6201171875,2090.110107421875,15.926000022888184,16.42250003814697,18.11000061035156,15.119999885559082,0
215,2015-12-07,37.650001525878906,2077.070068359375,15.84000015258789,40.09800033569336,41.45500011444092,39.970001220703125,41.650001525878906,2080.10400390625,2074.8785034179687,2091.68994140625,2080.409912109375,15.86800022125244,16.498000049591063,14.8100004196167,16.1299991607666,0
216,2015-12-08,37.5099983215332,2063.590087890625,17.600000381469727,39.23000030517578,41.13700008392334,37.650001525878906,41.84999847412109,2072.296044921875,2074.12900390625,2077.070068359375,2102.6298828125,16.4540002822876,16.552000045776367,15.84000015258789,14.670000076293944,0
217,2015-12-09,37.15999984741211,2047.6199951171875,19.61000061035156,38.6740005493164,40.78450012207031,37.5099983215332,39.93999862670898,2065.9180419921877,2072.424005126953,2063.590087890625,2079.510009765625,17.194000434875484,16.768000078201293,17.600000381469727,15.90999984741211,0
218,2015-12-10,36.7599983215332,2052.22998046875,19.34000015258789,37.80999984741211,40.476000022888186,37.15999984741211,41.08000183105469,2066.4400146484377,2071.285504150391,2047.6199951171875,2049.6201171875,17.440000343322755,16.93200011253357,19.61000061035156,18.11000061035156,0
219,2015-12-11,35.619998931884766,2012.3699951171875,24.38999938964844,36.939999389648435,40.16949996948242,36.7599983215332,39.970001220703125,2050.576025390625,2069.605505371094,2052.22998046875,2091.68994140625,19.3560001373291,17.23300004005432,19.34000015258789,14.8100004196167,1
220,2015-12-14,36.310001373291016,2021.93994140625,22.729999542236328,36.67199935913086,39.94799995422363,35.619998931884766,37.650001525878906,2039.55,2069.550500488281,2012.3699951171875,2077.070068359375,20.73400001525879,17.365500020980836,24.38999938964844,15.84000015258789,1
221,2015-12-15,37.34999847412109,2043.4100341796875,20.950000762939453,36.63999938964844,39.728499794006346,36.310001373291016,37.5099983215332,2035.5139892578125,2069.0615051269533,2021.93994140625,2063.590087890625,21.404000091552735,17.5050000667572,22.729999542236328,17.600000381469727,0
222,2015-12-16,35.52000045776367,2073.070068359375,17.860000610351562,36.31199951171875,39.47099990844727,37.34999847412109,37.15999984741211,2040.60400390625,2070.193011474609,2043.4100341796875,2047.6199951171875,21.054000091552734,17.456000089645386,20.950000762939453,19.61000061035156,0
223,2015-12-17,34.95000076293945,2041.8900146484373,18.940000534057617,35.95,39.18099994659424,35.52000045776367,36.7599983215332,2038.5360107421875,2068.108508300781,2073.070068359375,2052.22998046875,20.97400016784668,17.56050009727478,17.860000610351562,19.34000015258789,0
224,2015-12-18,34.72999954223633,2005.550048828125,20.700000762939453,35.77200012207031,38.890499877929685,34.95000076293945,35.619998931884766,2037.172021484375,2064.324011230469,2041.8900146484373,2012.3699951171875,20.23600044250488,17.746000146865846,18.940000534057617,24.38999938964844,1
225,2015-12-21,34.7400016784668,2021.1500244140625,18.700000762939453,35.45800018310547,38.60799999237061,34.72999954223633,36.310001373291016,2037.0140380859375,2060.923016357422,2005.550048828125,2021.93994140625,19.430000686645506,17.907500171661376,20.700000762939453,22.729999542236328,1
226,2015-12-22,36.13999938964844,2038.969970703125,16.600000381469727,35.216000366210935,38.32749996185303,34.7400016784668,37.34999847412109,2036.126025390625,2058.5420104980467,2021.1500244140625,2043.4100341796875,18.560000610351562,17.956500196456908,18.700000762939453,20.950000762939453,1
227,2015-12-23,37.5,2064.2900390625,15.56999969482422,35.6120002746582,38.05900001525879,36.13999938964844,35.52000045776367,2034.37001953125,2057.2995178222654,2038.969970703125,2073.070068359375,18.102000427246097,17.93850016593933,16.600000381469727,17.860000610351562,1
228,2015-12-24,38.09999847412109,2060.989990234375,15.739999771118164,36.241999816894534,37.81199989318848,37.5,34.95000076293945,2038.1900146484375,2055.9055114746093,2064.2900390625,2041.8900146484373,17.4620002746582,17.966000175476076,15.56999969482422,18.940000534057617,0
229,2015-12-28,36.810001373291016,2056.5,16.90999984741211,36.65800018310547,37.567000007629396,38.09999847412109,34.72999954223633,2048.3800048828125,2054.2250061035156,2060.989990234375,2005.550048828125,16.704000091552736,18.055500173568724,15.739999771118164,20.700000762939453,1
230,2015-12-29,37.869998931884766,2078.360107421875,16.079999923706055,37.283999633789065,37.37799987792969,36.810001373291016,34.7400016784668,2059.822021484375,2054.1225158691404,2056.5,2021.1500244140625,16.179999923706056,18.0530002117157,16.90999984741211,18.700000762939453,0
231,2015-12-30,36.59999847412109,2063.360107421875,17.290000915527344,37.37599945068359,37.115499877929686,37.869998931884766,36.13999938964844,2064.700048828125,2052.1590270996094,2078.360107421875,2038.969970703125,16.318000030517577,18.184000253677368,16.079999923706055,16.600000381469727,1
232,2015-12-31,37.040000915527344,2043.93994140625,18.209999084472656,37.28399963378906,36.970499992370605,36.59999847412109,37.5,2060.630029296875,2050.3805236816406,2063.360107421875,2064.2900390625,16.845999908447265,18.299000215530395,17.290000915527344,15.56999969482422,0
233,2016-01-04,36.7599983215332,2012.6600341796875,20.700000762939453,37.01599960327148,36.75449981689453,37.040000915527344,38.09999847412109,2050.9640380859373,2048.53251953125,2043.93994140625,2060.989990234375,17.838000106811524,18.42850022315979,18.209999084472656,15.739999771118164,0
234,2016-01-05,35.970001220703125,2016.7099609375,19.34000015258789,36.847999572753906,36.554499816894534,36.7599983215332,36.810001373291016,2043.0060302734375,2044.7835205078125,2012.6600341796875,2056.5,18.32400016784668,18.65500020980835,20.700000762939453,16.90999984741211,0
235,2016-01-06,33.970001220703125,1990.260009765625,20.59000015258789,36.06800003051758,36.370499801635745,35.970001220703125,37.869998931884766,2025.3860107421874,2040.443017578125,2016.7099609375,2078.360107421875,19.226000213623045,18.89250020980835,19.34000015258789,16.079999923706055,0
236,2016-01-07,33.27000045776367,1943.0899658203125,24.989999771118164,35.402000427246094,36.15849990844727,33.970001220703125,36.59999847412109,2001.331982421875,2034.4180114746093,1990.260009765625,2063.360107421875,20.76599998474121,19.262000179290773,20.59000015258789,17.290000915527344,0
237,2016-01-08,33.15999984741211,1922.030029296875,27.01000022888184,34.626000213623044,35.958499908447266,33.27000045776367,37.040000915527344,1976.95,2028.1385131835937,1943.0899658203125,2043.93994140625,22.526000213623046,19.632000160217284,24.989999771118164,18.209999084472656,0
238,2016-01-11,31.40999984741211,1923.6700439453125,24.299999237060547,33.556000518798825,35.69099998474121,33.15999984741211,36.7599983215332,1959.152001953125,2021.710516357422,1922.030029296875,2012.6600341796875,23.245999908447267,19.880000114440918,27.01000022888184,20.700000762939453,0
239,2016-01-12,30.440000534057617,1938.6800537109373,22.46999931335449,32.45000038146973,35.43200006484985,31.40999984741211,35.970001220703125,1943.5460205078125,2018.0260192871094,1923.6700439453125,2016.7099609375,23.871999740600586,19.78400011062622,24.299999237060547,19.34000015258789,1
240,2016-01-13,30.479999542236328,1890.280029296875,25.21999931335449,31.752000045776366,35.14049997329712,30.440000534057617,33.970001220703125,1923.5500244140626,2011.4430236816406,1938.6800537109373,1990.260009765625,24.797999572753902,19.908500099182127,22.46999931335449,20.59000015258789,1
241,2016-01-14,31.200000762939453,1921.8399658203125,23.950000762939453,31.338000106811524,34.833000087738036,30.479999542236328,33.27000045776367,1919.3000244140626,2005.364520263672,1890.280029296875,1943.0899658203125,24.589999771118165,20.05850009918213,25.21999931335449,24.989999771118164,0
242,2016-01-15,29.420000076293945,1880.3299560546875,27.020000457763672,30.59000015258789,34.528000068664554,31.200000762939453,33.15999984741211,1910.960009765625,1995.7275146484376,1921.8399658203125,1922.030029296875,24.59199981689453,20.516500091552736,23.950000762939453,27.01000022888184,0
243,2016-01-19,28.459999084472656,1881.3299560546875,26.049999237060547,30.0,34.203499984741214,29.420000076293945,31.40999984741211,1902.4919921875,1987.69951171875,1880.3299560546875,1923.6700439453125,24.94199981689453,20.87200002670288,27.020000457763672,24.299999237060547,0
244,2016-01-20,26.549999237060547,1859.3299560546875,27.59000015258789,29.221999740600587,33.79449996948242,28.459999084472656,30.440000534057617,1886.62197265625,1980.3885070800782,1881.3299560546875,1938.6800537109373,25.96599998474121,21.216499996185302,26.049999237060547,22.46999931335449,1
245,2016-01-21,29.530000686645508,1868.989990234375,26.690000534057617,29.03199996948242,33.53399991989136,26.549999237060547,30.479999542236328,1882.36396484375,1972.7805053710938,1859.3299560546875,1890.280029296875,26.260000228881836,21.61599998474121,27.59000015258789,25.21999931335449,1
246,2016-01-22,32.189998626708984,1906.9000244140625,22.34000015258789,29.229999542236328,33.33649988174439,29.530000686645508,31.200000762939453,1879.3759765625,1966.1770080566407,1868.989990234375,1921.8399658203125,25.938000106811522,21.90299997329712,26.690000534057617,23.950000762939453,0
247,2016-01-25,30.34000015258789,1877.0799560546875,24.149999618530277,29.413999557495117,32.97849988937378,32.189998626708984,29.420000076293945,1878.7259765625,1956.81650390625,1906.9000244140625,1880.3299560546875,25.363999938964845,22.33199996948242,22.34000015258789,27.020000457763672,1
248,2016-01-26,31.450000762939453,1903.6300048828125,22.5,30.011999893188477,32.6460000038147,30.34000015258789,28.459999084472656,1883.185986328125,1948.948504638672,1877.0799560546875,1881.3299560546875,24.654000091552735,22.669999980926512,24.149999618530277,26.049999237060547,1
249,2016-01-27,32.29999923706055,1882.949951171875,23.11000061035156,31.161999893188476,32.420499897003175,31.450000762939453,26.549999237060547,1887.9099853515625,1940.2710021972657,1903.6300048828125,1859.3299560546875,23.75800018310547,22.980000019073486,22.5,27.59000015258789,1
250,2016-01-28,33.220001220703125,1893.3599853515625,22.420000076293945,31.9,32.18800001144409,32.29999923706055,29.530000686645508,1892.783984375,1931.02099609375,1882.949951171875,1868.989990234375,22.904000091552735,23.297000026702882,23.11000061035156,26.690000534057617,1
251,2016-01-29,33.619998931884766,1940.239990234375,20.200000762939453,32.18600006103516,32.039000034332275,33.220001220703125,32.189998626708984,1899.4519775390625,1924.864990234375,1893.3599853515625,1906.9000244140625,22.476000213623045,23.442500019073485,22.420000076293945,22.34000015258789,0
252,2016-02-01,31.6200008392334,1939.3800048828125,19.979999542236328,32.442000198364255,31.768000030517577,33.619998931884766,30.34000015258789,1911.9119873046875,1919.6369934082031,1940.239990234375,1877.0799560546875,21.642000198364258,23.53100004196167,20.200000762939453,24.149999618530277,0
253,2016-02-02,29.8799991607666,1903.030029296875,21.979999542236328,32.12799987792969,31.42400007247925,31.6200008392334,31.450000762939453,1911.7919921875,1914.1554931640626,1939.3800048828125,1903.6300048828125,21.538000106811523,23.594999980926513,19.979999542236328,22.5,1
254,2016-02-03,32.279998779296875,1912.530029296875,21.649999618530277,32.123999786376956,31.239499950408934,29.8799991607666,32.29999923706055,1917.7080078125,1908.9464965820312,1903.030029296875,1882.949951171875,21.245999908447267,23.710499954223632,21.979999542236328,23.11000061035156,0
255,2016-02-04,31.71999931335449,1915.449951171875,21.84000015258789,31.823999404907227,31.126999855041504,32.279998779296875,33.220001220703125,1922.1260009765624,1905.2059936523438,1912.530029296875,1893.3599853515625,21.129999923706055,23.772999954223632,21.649999618530277,22.420000076293945,0
256,2016-02-05,30.88999938964844,1880.050048828125,23.3799991607666,31.277999496459962,31.00799980163574,31.71999931335449,33.619998931884766,1910.0880126953125,1902.0539978027343,1915.449951171875,1940.239990234375,21.765999603271485,23.692499923706055,21.84000015258789,20.200000762939453,0
257,2016-02-08,29.690000534057617,1853.43994140625,26.0,30.891999435424804,30.834499835968018,30.88999938964844,31.6200008392334,1892.9,1898.624493408203,1880.050048828125,1939.3800048828125,22.969999694824217,23.641999912261962,23.3799991607666,19.979999542236328,0
258,2016-02-09,27.940000534057617,1852.2099609375,26.540000915527344,30.503999710083008,30.660999870300294,29.690000534057617,29.8799991607666,1882.735986328125,1895.0514892578126,1853.43994140625,1903.030029296875,23.881999969482422,23.753999996185303,26.0,21.979999542236328,0
259,2016-02-10,27.450000762939453,1851.8599853515625,26.290000915527344,29.538000106811523,30.511499881744385,27.940000534057617,32.279998779296875,1870.6019775390625,1890.7104858398438,1852.2099609375,1912.530029296875,24.810000228881837,23.945000076293944,26.540000915527344,21.649999618530277,0
260,2016-02-11,26.209999084472656,1829.0799560546875,28.13999938964844,28.436000061035156,30.2979998588562,27.450000762939453,31.71999931335449,1853.327978515625,1887.6504821777344,1851.8599853515625,1915.449951171875,26.070000076293944,24.091000080108643,26.290000915527344,21.84000015258789,1
261,2016-02-12,29.440000534057617,1864.780029296875,25.399999618530277,28.14600028991699,30.20999984741211,26.209999084472656,30.88999938964844,1850.273974609375,1884.7974853515625,1829.0799560546875,1880.050048828125,26.47400016784668,24.163500022888183,28.13999938964844,23.3799991607666,0
262,2016-02-16,29.040000915527344,1895.5799560546875,24.11000061035156,28.01600036621094,30.190999889373778,29.440000534057617,29.690000534057617,1858.7019775390625,1885.5599853515625,1864.780029296875,1853.43994140625,26.096000289916994,24.018000030517577,25.399999618530277,26.0,1
263,2016-02-17,30.65999984741211,1926.8199462890625,22.309999465942383,28.560000228881837,30.300999927520753,29.040000915527344,27.940000534057617,1873.623974609375,1887.8344848632812,1895.5799560546875,1852.2099609375,25.250000000000004,23.83100004196167,24.11000061035156,26.540000915527344,1
264,2016-02-18,30.770000457763672,1917.8299560546875,21.63999938964844,29.22400016784668,30.511999988555907,30.65999984741211,27.450000762939453,1886.81796875,1890.7594848632812,1926.8199462890625,1851.8599853515625,24.31999969482422,23.533500003814698,22.309999465942383,26.290000915527344,0
265,2016-02-19,29.63999938964844,1917.780029296875,20.530000686645508,29.910000228881835,30.517499923706055,30.770000457763672,26.209999084472656,1904.5579833984375,1893.1989868164062,1917.8299560546875,1829.0799560546875,22.797999954223634,23.22550001144409,21.63999938964844,28.13999938964844,1
266,2016-02-22,31.479999542236328,1945.5,19.3799991607666,30.318000030517577,30.481999969482423,29.63999938964844,29.440000534057617,1920.7019775390625,1895.1289855957032,1917.780029296875,1864.780029296875,21.5939998626709,23.07749996185303,20.530000686645508,25.399999618530277,1
267,2016-02-23,31.8700008392334,1921.27001953125,20.979999542236328,30.88400001525879,30.558500003814697,31.479999542236328,29.040000915527344,1925.839990234375,1897.3384887695313,1945.5,1895.5799560546875,20.96799964904785,22.91899995803833,19.3799991607666,24.11000061035156,1
268,2016-02-24,32.150001525878906,1929.800048828125,20.71999931335449,31.182000350952148,30.59350004196167,31.8700008392334,30.65999984741211,1926.4360107421876,1898.646990966797,1921.27001953125,1926.8199462890625,20.649999618530273,22.829999923706055,20.979999542236328,22.309999465942383,1
269,2016-02-25,33.06999969482422,1951.699951171875,19.11000061035156,31.642000198364258,30.632000064849855,32.150001525878906,30.770000457763672,1933.210009765625,1902.084490966797,1929.800048828125,1917.8299560546875,20.1439998626709,22.629999923706055,20.71999931335449,21.63999938964844,0
270,2016-02-26,32.779998779296875,1948.050048828125,19.809999465942383,32.27000007629395,30.60999994277954,33.06999969482422,29.63999938964844,1939.264013671875,1904.818994140625,1951.699951171875,1917.780029296875,19.999999618530275,22.499499893188478,19.11000061035156,20.530000686645508,1
271,2016-02-29,33.75,1932.22998046875,20.549999237060547,32.72400016784668,30.616499996185304,32.779998779296875,31.479999542236328,1936.610009765625,1904.4184936523438,1948.050048828125,1945.5,20.23399963378906,22.516999816894533,19.809999465942383,19.3799991607666,1
272,2016-03-01,34.400001525878906,1978.3499755859373,17.700000762939453,33.23000030517578,30.755500030517577,33.75,31.8700008392334,1948.0260009765625,1906.3669921875,1932.22998046875,1921.27001953125,19.577999877929688,22.402999877929688,20.549999237060547,20.979999542236328,1
273,2016-03-02,34.65999984741211,1986.449951171875,17.09000015258789,33.73199996948242,30.994500064849852,34.400001525878906,32.150001525878906,1959.3559814453124,1910.53798828125,1978.3499755859373,1929.800048828125,18.852000045776368,22.158499908447265,17.700000762939453,20.71999931335449,0
274,2016-03-03,34.56999969482422,1993.4000244140625,16.700000762939453,34.03199996948242,31.10900011062622,34.65999984741211,33.06999969482422,1967.69599609375,1914.5814880371095,1986.449951171875,1951.699951171875,18.370000076293945,21.910999965667724,17.09000015258789,19.11000061035156,1
275,2016-03-04,35.91999816894531,1999.989990234375,16.860000610351562,34.65999984741211,31.319000053405762,34.56999969482422,32.779998779296875,1978.083984375,1918.8084899902344,1993.4000244140625,1948.050048828125,17.780000305175783,21.66199998855591,16.700000762939453,19.809999465942383,1
276,2016-03-07,37.900001525878906,2001.760009765625,17.350000381469727,35.49000015258789,31.669500160217286,35.91999816894531,33.75,1991.989990234375,1924.8939880371095,1999.989990234375,1932.22998046875,17.140000534057616,21.360500049591064,16.860000610351562,20.549999237060547,0
277,2016-03-08,36.5,1979.260009765625,18.670000076293945,35.90999984741211,32.0100001335144,37.900001525878906,34.400001525878906,1992.1719970703125,1931.184991455078,2001.760009765625,1978.3499755859373,17.334000396728516,20.994000053405763,17.350000381469727,17.700000762939453,1
278,2016-03-09,38.290000915527344,1989.260009765625,18.34000015258789,36.636000061035155,32.52750015258789,36.5,34.65999984741211,1992.7340087890625,1938.0374938964844,1979.260009765625,1986.449951171875,17.584000396728516,20.584000015258788,18.670000076293945,17.09000015258789,0
279,2016-03-10,37.84000015258789,1989.5699462890625,18.049999237060547,37.29000015258789,33.047000122070315,38.290000915527344,34.56999969482422,1991.9679931640626,1944.9229919433594,1989.260009765625,1993.4000244140625,17.854000091552734,20.17199993133545,18.34000015258789,16.700000762939453,1
280,2016-03-11,38.5,2022.18994140625,16.5,37.806000518798825,33.66150016784668,37.84000015258789,35.91999816894531,1996.4079833984374,1954.5784912109375,1989.5699462890625,1999.989990234375,17.78199996948242,19.589999961853028,18.049999237060547,16.860000610351562,0
281,2016-03-14,37.18000030517578,2019.6400146484373,16.920000076293945,37.662000274658205,34.04850015640259,38.5,37.900001525878906,1999.983984375,1962.3214904785157,2022.18994140625,2001.760009765625,17.695999908447266,19.165999984741212,16.5,17.350000381469727,0
282,2016-03-15,36.34000015258789,2015.9300537109373,16.84000015258789,37.630000305175784,34.41350011825561,37.18000030517578,36.5,2007.3179931640625,1968.3389953613282,2019.6400146484373,1979.260009765625,17.329999923706055,18.802499961853027,16.920000076293945,18.670000076293945,1
283,2016-03-16,38.459999084472656,2027.219970703125,14.989999771118164,37.66399993896484,34.80350008010864,36.34000015258789,38.290000915527344,2014.9099853515625,1973.3589965820313,2015.9300537109373,1989.260009765625,16.65999984741211,18.436499977111815,16.84000015258789,18.34000015258789,1
284,2016-03-17,40.20000076293945,2040.5899658203125,14.4399995803833,38.136000061035155,35.27500009536743,38.459999084472656,37.84000015258789,2025.1139892578126,1979.4969970703125,2027.219970703125,1989.5699462890625,15.93799991607666,18.07649998664856,14.989999771118164,18.049999237060547,0
285,2016-03-18,39.43999862670898,2049.580078125,14.020000457763672,38.32399978637695,35.76500005722046,40.20000076293945,38.5,2030.5920166015626,1986.0869995117187,2040.5899658203125,2022.18994140625,15.442000007629394,17.75099997520447,14.4399995803833,16.5,1
286,2016-03-21,39.90999984741211,2051.60009765625,13.789999961853027,38.869999694824216,36.18650007247925,39.43999862670898,37.18000030517578,2036.984033203125,1991.3920043945313,2049.580078125,2019.6400146484373,14.815999984741211,17.47150001525879,14.020000457763672,16.920000076293945,1
287,2016-03-22,41.45000076293945,2049.800048828125,14.170000076293944,39.89199981689453,36.66550006866455,39.90999984741211,36.34000015258789,2043.7580322265626,1997.818505859375,2051.60009765625,2015.9300537109373,14.281999969482422,17.13100004196167,13.789999961853027,16.84000015258789,0
288,2016-03-23,39.790000915527344,2036.7099609375,14.9399995803833,40.15800018310547,37.04750003814697,41.45000076293945,38.459999084472656,2045.6560302734374,2003.1640014648438,2049.800048828125,2027.219970703125,14.271999931335449,16.84200005531311,14.170000076293944,14.989999771118164,0
289,2016-03-24,39.459999084472656,2035.93994140625,14.739999771118164,40.00999984741211,37.36700000762939,39.790000915527344,40.20000076293945,2044.726025390625,2007.3760009765624,2036.7099609375,2040.5899658203125,14.331999969482421,16.62350001335144,14.9399995803833,14.4399995803833,0
290,2016-03-28,39.38999938964844,2037.050048828125,15.239999771118164,40.0,37.69750003814697,39.459999084472656,39.43999862670898,2042.22001953125,2011.8260009765625,2035.93994140625,2049.580078125,14.57599983215332,16.39500002861023,14.739999771118164,14.020000457763672,0
291,2016-03-29,38.27999877929688,2055.010009765625,13.81999969482422,39.67399978637695,37.92399997711182,39.38999938964844,39.90999984741211,2042.902001953125,2017.9650024414063,2037.050048828125,2051.60009765625,14.581999778747559,16.058500051498413,15.239999771118164,13.789999961853027,1
292,2016-03-30,38.31999969482422,2063.949951171875,13.5600004196167,39.04799957275391,38.11999988555908,38.27999877929688,41.45000076293945,2045.731982421875,2022.2450012207032,2055.010009765625,2049.800048828125,14.45999984741211,15.851500034332275,13.81999969482422,14.170000076293944,1
293,2016-03-31,38.34000015258789,2059.739990234375,13.949999809265137,38.757999420166016,38.30399990081787,38.31999969482422,39.790000915527344,2050.33798828125,2025.9095031738282,2063.949951171875,2036.7099609375,14.261999893188477,15.694500017166138,13.5600004196167,14.9399995803833,0
294,2016-04-01,36.790000915527344,2072.780029296875,13.100000381469728,38.22399978637695,38.41499996185303,38.34000015258789,39.459999084472656,2057.706005859375,2029.8785034179687,2059.739990234375,2035.93994140625,13.934000015258789,15.514499998092651,13.949999809265137,14.739999771118164,0
295,2016-04-04,35.70000076293945,2066.1298828125,14.119999885559082,37.486000061035156,38.40400009155273,36.790000915527344,39.38999938964844,2063.52197265625,2033.185498046875,2072.780029296875,2037.050048828125,13.710000038146973,15.377499961853028,13.100000381469728,15.239999771118164,1
296,2016-04-05,35.88999938964844,2045.1700439453125,15.420000076293944,37.008000183105466,38.30349998474121,35.70000076293945,38.27999877929688,2061.5539794921874,2035.3559997558593,2066.1298828125,2055.010009765625,14.030000114440918,15.280999946594239,14.119999885559082,13.81999969482422,1
297,2016-04-06,37.75,2066.659912109375,14.09000015258789,36.89400024414063,38.36599998474121,35.88999938964844,38.31999969482422,2062.0959716796874,2039.7259948730468,2045.1700439453125,2063.949951171875,14.136000061035157,15.051999950408936,15.420000076293944,13.5600004196167,0
298,2016-04-07,37.2599983215332,2041.9100341796875,16.15999984741211,36.677999877929686,38.314499855041504,37.75,38.34000015258789,2058.52998046875,2042.35849609375,2066.659912109375,2059.739990234375,14.57800006866455,14.942999935150146,14.09000015258789,13.949999809265137,1
299,2016-04-08,39.720001220703125,2047.5999755859373,15.359999656677246,37.263999938964844,38.40849990844727,37.2599983215332,36.790000915527344,2053.4939697265627,2045.2599975585938,2041.9100341796875,2072.780029296875,15.029999923706054,14.808499956130982,16.15999984741211,13.100000381469728,1
300,2016-04-11,40.36000061035156,2041.989990234375,16.260000228881836,38.19599990844726,38.50149993896484,39.720001220703125,35.70000076293945,2048.6659912109376,2046.25,2047.5999755859373,2066.1298828125,15.457999992370606,14.796499967575073,15.359999656677246,14.119999885559082,1
301,2016-04-12,42.16999816894531,2061.719970703125,14.850000381469728,39.45199966430664,38.75099983215332,40.36000061035156,35.88999938964844,2051.9759765625,2048.3539978027343,2041.989990234375,2045.1700439453125,15.344000053405761,14.692999982833863,16.260000228881836,15.420000076293944,0
302,2016-04-13,41.7599983215332,2082.419921875,13.84000015258789,40.25399932861328,39.021999740600585,42.16999816894531,37.75,2055.127978515625,2051.6784912109374,2061.719970703125,2066.659912109375,15.294000053405762,14.542999982833862,14.850000381469728,14.09000015258789,0
303,2016-04-14,41.5,2082.780029296875,13.720000267028809,41.10199966430664,39.17399978637695,41.7599983215332,37.2599983215332,2063.3019775390626,2054.456494140625,2082.419921875,2041.9100341796875,14.806000137329102,14.479500007629394,13.84000015258789,16.15999984741211,0
304,2016-04-15,40.36000061035156,2080.72998046875,13.619999885559082,41.22999954223633,39.18199977874756,41.5,39.720001220703125,2069.927978515625,2056.463494873047,2082.780029296875,2047.5999755859373,14.458000183105469,14.438500022888183,13.720000267028809,15.359999656677246,0
305,2016-04-18,39.77999877929688,2094.340087890625,13.350000381469728,41.113999176025395,39.19899978637695,40.36000061035156,40.36000061035156,2080.397998046875,2058.701495361328,2080.72998046875,2041.989990234375,13.876000213623048,14.405000019073487,13.619999885559082,16.260000228881836,1
306,2016-04-19,41.08000183105469,2100.800048828125,13.239999771118164,40.895999908447266,39.257499885559085,39.77999877929688,42.16999816894531,2088.214013671875,2061.161492919922,2094.340087890625,2061.719970703125,13.554000091552734,14.377500009536742,13.350000381469728,14.850000381469728,1
307,2016-04-20,42.630001068115234,2102.39990234375,13.279999732971191,41.07000045776367,39.316499900817874,41.08000183105469,41.7599983215332,2092.210009765625,2063.7914855957033,2100.800048828125,2082.419921875,13.442000007629394,14.332999992370606,13.239999771118164,13.84000015258789,1
308,2016-04-21,43.18000030517578,2091.47998046875,13.949999809265137,41.40600051879883,39.48599987030029,42.630001068115234,41.5,2093.95,2066.5299865722654,2102.39990234375,2082.780029296875,13.48799991607666,14.283500003814698,13.279999732971191,13.720000267028809,1
309,2016-04-22,43.72999954223633,2091.580078125,13.220000267028809,42.08000030517578,39.699499893188474,43.18000030517578,40.36000061035156,2096.12001953125,2069.3119934082033,2091.47998046875,2080.72998046875,13.407999992370605,14.20750002861023,13.949999809265137,13.619999885559082,0
310,2016-04-25,42.63999938964844,2087.7900390625,14.079999923706056,42.652000427246094,39.861999893188475,43.72999954223633,39.77999877929688,2094.810009765625,2071.848992919922,2091.580078125,2094.340087890625,13.553999900817871,14.149500036239624,13.220000267028809,13.350000381469728,1
311,2016-04-26,44.040000915527344,2091.699951171875,13.960000038146973,43.24400024414062,40.15,42.63999938964844,41.08000183105469,2092.989990234375,2073.683489990234,2087.7900390625,2100.800048828125,13.697999954223633,14.156500053405761,14.079999923706056,13.239999771118164,1
312,2016-04-27,45.33000183105469,2095.14990234375,13.770000457763672,43.784000396728516,40.50050010681152,44.040000915527344,42.630001068115234,2091.539990234375,2075.243487548828,2091.699951171875,2102.39990234375,13.796000099182129,14.16700005531311,13.960000038146973,13.279999732971191,1
313,2016-04-28,46.02999877929688,2075.81005859375,15.220000267028809,44.354000091552734,40.88500003814697,45.33000183105469,43.18000030517578,2088.406005859375,2076.046990966797,2095.14990234375,2091.47998046875,14.050000190734863,14.230500078201294,13.770000457763672,13.949999809265137,0
314,2016-04-29,45.91999816894531,2065.300048828125,15.699999809265137,44.79199981689453,41.34149990081787,46.02999877929688,43.72999954223633,2083.15,2075.672991943359,2075.81005859375,2091.580078125,14.546000099182129,14.360500049591064,15.220000267028809,13.220000267028809,0
315,2016-05-02,44.77999877929688,2081.429931640625,14.68000030517578,45.21999969482422,41.79549980163574,45.91999816894531,42.63999938964844,2081.877978515625,2076.4379943847657,2065.300048828125,2087.7900390625,14.666000175476075,14.388500070571899,15.699999809265137,14.079999923706056,0
316,2016-05-03,43.650001525878906,2063.3701171875,15.600000381469728,45.14199981689453,42.18349990844727,44.77999877929688,44.040000915527344,2076.21201171875,2077.347998046875,2081.429931640625,2091.699951171875,14.994000244140626,14.39750008583069,14.68000030517578,13.960000038146973,1
317,2016-05-04,43.77999877929688,2051.1201171875,16.049999237060547,44.83199920654297,42.48499984741211,43.650001525878906,45.33000183105469,2067.4060546875,2076.571008300781,2063.3701171875,2095.14990234375,15.45,14.49550004005432,15.600000381469728,13.770000457763672,1
318,2016-05-05,44.31999969482422,2050.6298828125,15.90999984741211,44.48999938964844,42.83799991607666,43.77999877929688,46.02999877929688,2062.37001953125,2077.007000732422,2051.1201171875,2075.81005859375,15.58799991607666,14.483000040054321,16.049999237060547,15.220000267028809,1
319,2016-05-06,44.65999984741211,2057.139892578125,14.720000267028809,44.237999725341794,43.08499984741211,44.31999969482422,45.91999816894531,2060.73798828125,2077.483996582031,2050.6298828125,2065.300048828125,15.392000007629395,14.451000070571899,15.90999984741211,15.699999809265137,0
320,2016-05-09,43.43999862670898,2058.68994140625,14.56999969482422,43.96999969482422,43.23899974822998,44.65999984741211,44.77999877929688,2056.189990234375,2078.318994140625,2057.139892578125,2081.429931640625,15.369999885559082,14.366500043869019,14.720000267028809,14.68000030517578,1
321,2016-05-10,44.65999984741211,2084.389892578125,13.630000114440918,44.17199935913086,43.36349983215332,43.43999862670898,43.650001525878906,2060.3939453125,2079.452490234375,2058.68994140625,2063.3701171875,14.97599983215332,14.305500030517578,14.56999969482422,15.600000381469728,1
322,2016-05-11,46.22999954223633,2064.4599609375,14.6899995803833,44.66199951171875,43.58699989318848,44.65999984741211,43.77999877929688,2063.0619140625,2078.5544921875,2084.389892578125,2051.1201171875,14.703999900817871,14.348000001907348,13.630000114440918,16.049999237060547,1
323,2016-05-12,46.70000076293945,2064.110107421875,14.40999984741211,45.1379997253418,43.846999931335446,46.22999954223633,44.31999969482422,2065.757958984375,2077.62099609375,2064.4599609375,2050.6298828125,14.40399990081787,14.382499980926514,14.6899995803833,15.90999984741211,0
324,2016-05-13,46.209999084472656,2046.6099853515625,15.039999961853027,45.44799957275391,44.13949985504151,46.70000076293945,44.65999984741211,2063.6519775390625,2075.9149963378904,2064.110107421875,2057.139892578125,14.467999839782715,14.45349998474121,14.40999984741211,14.720000267028809,1
325,2016-05-16,47.720001220703125,2066.659912109375,14.68000030517578,46.30400009155274,44.536499977111816,46.209999084472656,43.43999862670898,2065.2459716796875,2074.5309875488283,2046.6099853515625,2058.68994140625,14.489999961853027,14.519999980926514,15.039999961853027,14.56999969482422,1
326,2016-05-17,48.310001373291016,2047.2099609375,15.56999969482422,47.034000396728516,44.897999954223636,47.720001220703125,44.65999984741211,2057.8099853515623,2071.851483154297,2066.659912109375,2084.389892578125,14.877999877929687,14.636499977111816,14.68000030517578,13.630000114440918,0
327,2016-05-18,48.18999862670898,2047.6300048828125,15.949999809265137,47.42600021362305,45.17599983215332,48.310001373291016,46.22999954223633,2054.443994140625,2069.11298828125,2047.2099609375,2064.4599609375,15.129999923706055,14.769999980926514,15.56999969482422,14.6899995803833,0
328,2016-05-19,48.15999984741211,2040.0400390625,16.329999923706055,47.71800003051758,45.42499980926514,48.18999862670898,46.70000076293945,2049.62998046875,2066.5409912109376,2047.6300048828125,2064.110107421875,15.513999938964844,14.88899998664856,15.949999809265137,14.40999984741211,0
329,2016-05-20,47.75,2052.320068359375,15.199999809265137,48.02600021362305,45.62599983215332,48.15999984741211,46.209999084472656,2050.7719970703124,2064.577990722656,2040.0400390625,2046.6099853515625,15.545999908447266,14.987999963760377,16.329999923706055,15.039999961853027,1
330,2016-05-23,48.08000183105469,2048.0400390625,15.81999969482422,48.09800033569336,45.897999954223636,47.75,47.720001220703125,2047.0480224609375,2062.5904907226563,2052.320068359375,2066.659912109375,15.773999786376953,15.074999952316285,15.199999809265137,14.68000030517578,1
331,2016-05-24,48.619998931884766,2076.06005859375,14.420000076293944,48.15999984741211,46.126999855041504,48.08000183105469,48.310001373291016,2052.8180419921873,2061.80849609375,2048.0400390625,2047.2099609375,15.543999862670898,15.097999954223633,15.81999969482422,15.56999969482422,1
332,2016-05-25,49.560001373291016,2090.5400390625,13.899999618530272,48.434000396728514,46.33849983215332,48.619998931884766,48.18999862670898,2061.400048828125,2061.5780029296875,2076.06005859375,2047.6300048828125,15.133999824523926,15.104499912261963,14.420000076293944,15.949999809265137,0
333,2016-05-26,49.47999954223633,2090.10009765625,13.43000030517578,48.69800033569336,46.510999870300296,49.560001373291016,48.15999984741211,2071.412060546875,2062.2925048828124,2090.5400390625,2040.0400390625,14.553999900817871,15.014999914169312,13.899999618530272,16.329999923706055,0
334,2016-05-27,49.33000183105469,2099.06005859375,13.119999885559082,49.014000701904294,46.68150005340576,49.47999954223633,47.75,2080.76005859375,2063.980505371094,2090.10009765625,2052.320068359375,14.13799991607666,14.885999917984009,13.43000030517578,15.199999809265137,0
335,2016-05-31,49.09999847412109,2096.949951171875,14.1899995803833,49.21800003051758,46.89750003814697,49.33000183105469,48.08000183105469,2090.542041015625,2064.7565063476563,2099.06005859375,2048.0400390625,13.811999893188476,14.861499881744384,13.119999885559082,15.81999969482422,0
336,2016-06-01,49.0099983215332,2099.330078125,14.199999809265137,49.295999908447264,47.16549987792969,49.09999847412109,48.619998931884766,2095.196044921875,2066.5545043945312,2096.949951171875,2076.06005859375,13.767999839782714,14.791499853134155,14.1899995803833,14.420000076293944,1
337,2016-06-02,49.16999816894531,2105.260009765625,13.630000114440918,49.21799926757812,47.43499984741211,49.0099983215332,49.560001373291016,2098.1400390625,2069.2614990234374,2099.330078125,2090.5400390625,13.713999938964843,14.670499897003173,14.199999809265137,13.899999618530272,0
338,2016-06-03,48.619998931884766,2099.1298828125,13.470000267028809,49.045999145507814,47.64999980926514,49.16999816894531,49.47999954223633,2099.94599609375,2071.6864990234376,2105.260009765625,2090.10009765625,13.72199993133545,14.548499917984008,13.630000114440918,13.43000030517578,1
339,2016-06-06,49.68999862670898,2109.409912109375,13.649999618530272,49.11799850463867,47.90149974822998,48.619998931884766,49.33000183105469,2102.015966796875,2074.3,2099.1298828125,2099.06005859375,13.827999877929688,14.494999885559082,13.470000267028809,13.119999885559082,1
340,2016-06-07,50.36000061035156,2112.1298828125,14.050000190734863,49.369998931884766,48.24749984741211,49.68999862670898,49.09999847412109,2105.051953125,2076.9719970703127,2109.409912109375,2096.949951171875,13.8,14.468999910354615,13.649999618530272,14.1899995803833,1
341,2016-06-08,51.22999954223633,2119.1201171875,14.079999923706056,49.81399917602539,48.57599983215332,50.36000061035156,49.0099983215332,2109.0099609375,2078.7085083007814,2112.1298828125,2099.330078125,13.776000022888184,14.491499900817871,14.050000190734863,14.199999809265137,0
342,2016-06-09,50.560001373291016,2115.47998046875,14.640000343322754,50.09199981689453,48.79249992370605,51.22999954223633,49.16999816894531,2111.053955078125,2081.2595092773436,2119.1201171875,2105.260009765625,13.978000068664551,14.488999938964843,14.079999923706056,13.630000114440918,0
343,2016-06-10,49.06999969482422,2096.070068359375,17.030000686645508,50.18199996948242,48.910999870300294,50.560001373291016,48.619998931884766,2110.4419921875,2082.8575073242187,2115.47998046875,2099.1298828125,14.69000015258789,14.619999980926513,14.640000343322754,13.470000267028809,0
344,2016-06-13,48.880001068115234,2079.06005859375,20.96999931335449,50.02000045776367,49.04449996948242,49.06999969482422,49.68999862670898,2104.372021484375,2084.480010986328,2096.070068359375,2109.409912109375,16.154000091552735,14.916499948501587,17.030000686645508,13.649999618530272,0
345,2016-06-14,48.4900016784668,2075.320068359375,20.5,49.646000671386716,49.0829999923706,48.880001068115234,50.36000061035156,2097.01005859375,2084.913018798828,2079.06005859375,2112.1298828125,17.444000053405762,15.207499933242797,20.96999931335449,14.050000190734863,0
346,2016-06-15,48.0099983215332,2071.5,20.13999938964844,49.002000427246095,49.067999839782715,48.4900016784668,51.22999954223633,2087.48603515625,2086.127520751953,2075.320068359375,2119.1201171875,18.65599994659424,15.43599991798401,20.5,14.079999923706056,0
347,2016-06-16,46.209999084472656,2077.989990234375,19.3700008392334,48.13199996948242,48.9689998626709,48.0099983215332,50.560001373291016,2079.988037109375,2087.6455200195314,2071.5,2115.47998046875,19.602000045776368,15.606999969482422,20.13999938964844,14.640000343322754,1
348,2016-06-17,47.97999954223633,2071.219970703125,19.40999984741211,47.91399993896484,48.95999984741211,46.209999084472656,49.06999969482422,2075.018017578125,2089.2045166015623,2077.989990234375,2096.070068359375,20.077999877929688,15.760999965667725,19.3700008392334,17.030000686645508,1
349,2016-06-20,49.369998931884766,2083.25,18.3700008392334,48.01199951171875,49.040999794006346,47.97999954223633,48.880001068115234,2075.856005859375,2090.751013183594,2071.219970703125,2079.06005859375,19.55800018310547,15.919500017166138,19.40999984741211,20.96999931335449,0
350,2016-06-21,48.84999847412109,2088.89990234375,18.479999542236328,48.083998870849605,49.07949962615967,49.369998931884766,48.4900016784668,2078.57197265625,2092.7940063476562,2083.25,2075.320068359375,19.154000091552735,16.052500009536743,18.3700008392334,20.5,1
351,2016-06-22,49.130001068115234,2085.449951171875,21.170000076293945,48.30799942016601,49.104999732971194,48.84999847412109,48.0099983215332,2081.361962890625,2093.2635009765627,2088.89990234375,2071.5,19.360000228881837,16.39000000953674,18.479999542236328,20.13999938964844,1
352,2016-06-23,50.11000061035156,2113.320068359375,17.25,49.087999725341795,49.13249969482422,49.130001068115234,46.209999084472656,2088.427978515625,2094.4025024414063,2085.449951171875,2077.989990234375,18.936000061035156,16.557500028610228,21.170000076293945,19.3700008392334,0
353,2016-06-24,47.63999938964844,2037.4100341796875,25.76000022888184,49.01999969482422,49.040499687194824,50.11000061035156,47.97999954223633,2081.6659912109376,2091.767999267578,2113.320068359375,2071.219970703125,20.206000137329102,17.174000024795532,17.25,19.40999984741211,0
354,2016-06-27,46.33000183105469,2000.5400390625,23.850000381469727,48.412000274658205,48.890499687194826,47.63999938964844,49.369998931884766,2065.1239990234376,2086.8419982910154,2037.4100341796875,2083.25,21.302000045776367,17.710500049591065,25.76000022888184,18.3700008392334,1
355,2016-06-28,47.84999847412109,2036.0899658203125,18.75,48.2120002746582,48.827999687194826,46.33000183105469,48.84999847412109,2054.56201171875,2083.7989990234373,2000.5400390625,2088.89990234375,21.3560001373291,17.938500070571898,23.850000381469727,18.479999542236328,1
356,2016-06-29,49.880001068115234,2070.77001953125,16.639999389648438,48.3620002746582,48.87149982452392,47.84999847412109,49.130001068115234,2051.626025390625,2082.37099609375,2036.0899658203125,2085.449951171875,20.45,18.060500049591063,18.75,21.170000076293945,0
357,2016-06-30,48.33000183105469,2098.860107421875,15.630000114440918,48.00600051879883,48.82950000762939,49.880001068115234,50.11000061035156,2048.734033203125,2082.0510009765626,2070.77001953125,2113.320068359375,20.126000022888185,18.160500049591064,16.639999389648438,17.25,1
358,2016-07-01,48.9900016784668,2102.949951171875,14.770000457763672,48.2760009765625,48.8480001449585,48.33000183105469,47.63999938964844,2061.8420166015626,2082.2420043945312,2098.860107421875,2037.4100341796875,17.928000068664552,18.225500059127807,15.630000114440918,25.76000022888184,0
359,2016-07-05,46.59999847412109,2088.550048828125,15.579999923706056,48.33000030517578,48.693500137329096,48.9900016784668,46.33000183105469,2079.4440185546873,2081.199011230469,2102.949951171875,2000.5400390625,16.27399997711182,18.322000074386597,14.770000457763672,23.850000381469727,1
360,2016-07-06,47.43000030517578,2099.72998046875,14.960000038146973,48.24600067138672,48.54700012207031,46.59999847412109,47.84999847412109,2092.172021484375,2080.5790161132813,2088.550048828125,2036.0899658203125,15.51599998474121,18.367500066757202,15.579999923706056,18.75,0
361,2016-07-07,45.13999938964844,2097.89990234375,14.760000228881836,47.29800033569336,48.242500114440915,47.43000030517578,49.880001068115234,2097.597998046875,2079.5180053710938,2099.72998046875,2070.77001953125,15.140000152587891,18.401500082015993,14.960000038146973,16.639999389648438,1
362,2016-07-08,45.40999984741211,2129.89990234375,13.199999809265137,46.71399993896485,47.985000038146964,45.13999938964844,48.33000183105469,2103.80595703125,2080.2390014648436,2097.89990234375,2098.860107421875,14.654000091552735,18.32950005531311,14.760000228881836,15.630000114440918,0
363,2016-07-11,44.7599983215332,2137.159912109375,13.539999961853027,45.86799926757813,47.76949996948242,45.40999984741211,48.9900016784668,2110.64794921875,2082.293493652344,2129.89990234375,2102.949951171875,14.407999992370605,18.155000019073487,13.199999809265137,14.770000457763672,1
364,2016-07-12,46.79999923706055,2152.139892578125,13.550000190734863,45.907999420166014,47.66549987792968,44.7599983215332,46.59999847412109,2123.36591796875,2085.9474853515626,2137.159912109375,2088.550048828125,14.002000045776366,17.784000062942503,13.539999961853027,15.579999923706056,0
365,2016-07-13,44.75,2152.429931640625,13.039999961853027,45.37199935913086,47.47849979400634,46.79999923706055,47.43000030517578,2133.905908203125,2089.802978515625,2152.139892578125,2099.72998046875,13.618000030517578,17.411000061035157,13.550000190734863,14.960000038146973,1
366,2016-07-14,45.68000030517578,2163.75,12.81999969482422,45.47999954223633,47.36199989318847,44.75,45.13999938964844,2147.075927734375,2094.415478515625,2152.429931640625,2097.89990234375,13.229999923706055,17.045000076293945,13.039999961853027,14.760000228881836,1
367,2016-07-15,45.95000076293945,2161.739990234375,12.670000076293944,45.587999725341795,47.34899997711181,45.68000030517578,45.40999984741211,2153.4439453125,2098.602978515625,2163.75,2129.89990234375,13.123999977111817,16.710000038146973,12.81999969482422,13.199999809265137,0
368,2016-07-18,45.2400016784668,2166.889892578125,12.4399995803833,45.684000396728514,47.212000083923336,45.95000076293945,44.7599983215332,2159.38994140625,2103.386474609375,2161.739990234375,2137.159912109375,12.90399990081787,16.361500024795532,12.670000076293944,13.539999961853027,0
369,2016-07-19,44.650001525878906,2163.780029296875,11.970000267028809,45.25400085449219,46.97600021362304,45.2400016784668,46.79999923706055,2161.71796875,2107.412976074219,2166.889892578125,2152.139892578125,12.58799991607666,16.0414999961853,12.4399995803833,13.550000190734863,1
370,2016-07-20,44.93999862670898,2173.02001953125,11.770000457763672,45.29200057983398,46.78050022125244,44.650001525878906,44.75,2165.835986328125,2111.6189819335937,2163.780029296875,2152.429931640625,12.33400001525879,15.70600004196167,11.970000267028809,13.039999961853027,0
371,2016-07-21,44.75,2165.169921875,12.739999771118164,45.10600051879883,46.561500167846674,44.93999862670898,45.68000030517578,2166.119970703125,2115.60498046875,2173.02001953125,2163.75,12.318000030517577,15.284500026702881,11.770000457763672,12.81999969482422,0
372,2016-07-22,44.18999862670898,2175.030029296875,12.020000457763672,44.754000091552726,46.265500068664544,44.75,45.95000076293945,2168.777978515625,2118.690478515625,2165.169921875,2161.739990234375,12.188000106811524,15.023000049591065,12.739999771118164,12.670000076293944,0
373,2016-07-25,43.130001068115234,2168.47998046875,12.869999885559082,44.33199996948242,46.040000152587886,44.18999862670898,45.2400016784668,2169.09599609375,2125.243975830078,2175.030029296875,2166.889892578125,12.27400016784668,14.378500032424927,12.020000457763672,12.4399995803833,0
374,2016-07-26,42.91999816894531,2169.179931640625,13.050000190734863,43.9859992980957,45.86949996948242,43.130001068115234,44.650001525878906,2170.1759765625,2133.6759704589845,2168.47998046875,2163.780029296875,12.490000152587891,13.838500022888184,12.869999885559082,11.970000267028809,0
375,2016-07-27,41.91999816894531,2166.580078125,12.829999923706056,43.38199920654297,45.57299995422363,42.91999816894531,44.93999862670898,2168.88798828125,2140.200476074219,2169.179931640625,2173.02001953125,12.702000045776368,13.542500019073486,13.050000190734863,11.770000457763672,0
376,2016-07-28,41.13999938964844,2170.06005859375,12.720000267028809,42.65999908447266,45.135999870300296,41.91999816894531,44.75,2169.866015625,2145.1649780273438,2166.580078125,2165.169921875,12.698000144958495,13.346500062942505,12.829999923706056,12.739999771118164,1
377,2016-07-29,41.59999847412109,2173.60009765625,11.869999885559082,42.141999053955075,44.799499702453616,41.13999938964844,44.18999862670898,2169.580029296875,2148.9019775390625,2170.06005859375,2175.030029296875,12.668000030517579,13.158500051498413,12.720000267028809,12.020000457763672,0
378,2016-08-01,40.060001373291016,2170.840087890625,12.4399995803833,41.52799911499024,44.352999687194824,41.59999847412109,43.130001068115234,2170.05205078125,2152.296484375,2173.60009765625,2168.47998046875,12.581999969482421,13.042000007629394,11.869999885559082,12.869999885559082,0
379,2016-08-02,39.5099983215332,2157.030029296875,13.369999885559082,40.84599914550781,43.99849967956543,40.060001373291016,42.91999816894531,2167.6220703125,2155.7204833984374,2170.840087890625,2169.179931640625,12.645999908447266,12.931500005722047,12.4399995803833,13.050000190734863,1
380,2016-08-03,40.83000183105469,2163.7900390625,12.859999656677246,40.62799987792969,43.66849975585937,39.5099983215332,41.91999816894531,2167.0640625,2158.923486328125,2157.030029296875,2166.580078125,12.651999855041504,12.82649998664856,13.369999885559082,12.829999923706056,1
381,2016-08-04,41.93000030517578,2164.25,12.420000076293944,40.78600006103515,43.50799980163574,40.83000183105469,41.13999938964844,2165.90205078125,2162.2409912109374,2163.7900390625,2170.06005859375,12.591999816894532,12.709499979019165,12.859999656677246,12.720000267028809,0
382,2016-08-05,41.79999923706055,2182.8701171875,11.390000343322754,40.82600021362305,43.32749977111816,41.93000030517578,41.59999847412109,2167.7560546875,2164.889501953125,2164.25,2173.60009765625,12.495999908447265,12.619000005722047,12.420000076293944,11.869999885559082,1
383,2016-08-08,43.02000045776367,2180.889892578125,11.5,41.418000030517575,43.240499877929686,41.79999923706055,40.060001373291016,2169.766015625,2167.0760009765627,2182.8701171875,2170.840087890625,12.307999992370606,12.517000007629395,11.390000343322754,12.4399995803833,0
384,2016-08-09,42.77000045776367,2181.739990234375,11.65999984741211,42.07000045776367,43.03899993896484,43.02000045776367,39.5099983215332,2174.7080078125,2168.556005859375,2180.889892578125,2157.030029296875,11.965999984741211,12.422499990463256,11.5,13.369999885559082,0
385,2016-08-10,41.709999084472656,2175.489990234375,12.050000190734863,42.24599990844727,42.886999893188474,42.77000045776367,40.83000183105469,2177.047998046875,2169.7090087890624,2181.739990234375,2163.7900390625,11.804000091552734,12.373000001907348,11.65999984741211,12.859999656677246,1
386,2016-08-11,43.4900016784668,2185.7900390625,11.68000030517578,42.55800018310547,42.777499961853025,41.709999084472656,41.93000030517578,2181.356005859375,2170.8110107421876,2175.489990234375,2164.25,11.656000137329102,12.316000032424927,12.050000190734863,12.420000076293944,1
387,2016-08-12,44.4900016784668,2184.050048828125,11.550000190734863,43.09600067138672,42.70450000762939,43.4900016784668,41.79999923706055,2181.5919921875,2171.926513671875,2185.7900390625,2182.8701171875,11.688000106811524,12.260000038146973,11.68000030517578,11.390000343322754,1
388,2016-08-15,45.7400016784668,2190.14990234375,11.8100004196167,43.640000915527345,42.7295000076294,44.4900016784668,43.02000045776367,2183.443994140625,2173.0895141601563,2184.050048828125,2180.889892578125,11.750000190734863,12.228500080108642,11.550000190734863,11.5,1
389,2016-08-16,46.58000183105469,2178.14990234375,12.640000343322754,44.402001190185544,42.82600002288818,45.7400016784668,42.77000045776367,2182.7259765625,2173.8080078125,2190.14990234375,2181.739990234375,11.946000289916991,12.26200008392334,11.8100004196167,11.65999984741211,1
390,2016-08-17,46.790000915527344,2182.219970703125,12.1899995803833,45.41800155639648,42.918500137329104,46.58000183105469,41.709999084472656,2184.07197265625,2174.2680053710938,2178.14990234375,2175.489990234375,11.974000167846679,12.283000040054322,12.640000343322754,12.050000190734863,1
391,2016-08-18,48.220001220703125,2187.02001953125,11.43000030517578,46.36400146484375,43.09200019836426,46.790000915527344,43.4900016784668,2184.31796875,2175.3605102539063,2182.219970703125,2185.7900390625,11.92400016784668,12.2175000667572,12.1899995803833,11.68000030517578,1
392,2016-08-19,48.52000045776367,2183.8701171875,11.34000015258789,47.17000122070313,43.30850028991699,48.220001220703125,44.4900016784668,2184.281982421875,2175.8025146484374,2187.02001953125,2184.050048828125,11.882000160217284,12.183500051498411,11.43000030517578,11.550000190734863,0
393,2016-08-22,47.04999923706055,2182.639892578125,12.270000457763672,47.432000732421876,43.504500198364255,48.52000045776367,45.7400016784668,2182.77998046875,2176.5105102539064,2183.8701171875,2190.14990234375,11.974000167846679,12.15350008010864,11.34000015258789,11.8100004196167,1
394,2016-08-23,48.09999847412109,2186.89990234375,12.380000114440918,47.736000061035156,43.76350021362305,47.04999923706055,46.58000183105469,2184.52998046875,2177.3965087890624,2182.639892578125,2178.14990234375,11.922000122070312,12.120000076293945,12.270000457763672,12.640000343322754,0
395,2016-08-24,46.77000045776367,2175.43994140625,13.449999809265137,47.73199996948242,44.00600032806396,48.09999847412109,46.790000915527344,2183.173974609375,2177.839501953125,2186.89990234375,2182.219970703125,12.17400016784668,12.151000070571898,12.380000114440918,12.1899995803833,1
396,2016-08-25,47.33000183105469,2172.469970703125,13.630000114440918,47.55400009155274,44.31550045013428,46.77000045776367,48.220001220703125,2180.26396484375,2177.959997558594,2175.43994140625,2187.02001953125,12.614000129699708,12.196500062942503,13.449999809265137,11.43000030517578,1
397,2016-08-26,47.63999938964844,2169.0400390625,13.649999618530272,47.37799987792969,44.61750049591065,47.33000183105469,48.52000045776367,2177.29794921875,2177.7319946289062,2172.469970703125,2183.8701171875,13.076000022888184,12.285500049591063,13.630000114440918,11.34000015258789,0
398,2016-08-29,46.97999954223633,2180.3798828125,12.9399995803833,47.363999938964845,44.96350040435791,47.63999938964844,47.04999923706055,2176.845947265625,2178.208984375,2169.0400390625,2182.639892578125,13.20999984741211,12.310500049591063,13.649999618530272,12.270000457763672,0
399,2016-08-30,46.34999847412109,2176.1201171875,13.119999885559082,47.013999938964844,45.3055004119873,46.97999954223633,48.09999847412109,2174.689990234375,2179.1634887695313,2180.3798828125,2186.89990234375,13.357999801635742,12.298000049591064,12.9399995803833,12.380000114440918,0
400,2016-08-31,44.70000076293945,2170.949951171875,13.420000076293944,46.6,45.49900035858154,46.34999847412109,46.77000045776367,2173.7919921875,2179.521484375,2176.1201171875,2175.43994140625,13.351999855041504,12.326000070571897,13.119999885559082,13.449999809265137,0
401,2016-09-01,43.15999984741211,2170.860107421875,13.479999542236328,45.76599960327148,45.56050033569336,44.70000076293945,47.33000183105469,2173.47001953125,2179.8519897460938,2170.949951171875,2172.469970703125,13.321999740600585,12.379000043869016,13.420000076293944,13.630000114440918,1
402,2016-09-02,44.43999862670898,2179.97998046875,11.979999542236328,45.12599945068359,45.692500305175784,43.15999984741211,47.63999938964844,2175.6580078125,2179.707482910156,2170.860107421875,2169.0400390625,12.987999725341798,12.408500003814696,13.479999542236328,13.649999618530272,1
403,2016-09-06,44.83000183105469,2186.47998046875,12.020000457763672,44.69599990844726,45.78300037384033,44.43999862670898,46.97999954223633,2176.87802734375,2179.9869873046873,2179.97998046875,2180.3798828125,12.803999900817871,12.43450002670288,11.979999542236328,12.9399995803833,1
404,2016-09-07,45.5,2186.159912109375,11.9399995803833,44.52600021362305,45.91950035095215,44.83000183105469,46.34999847412109,2178.885986328125,2180.2079833984376,2186.47998046875,2176.1201171875,12.567999839782713,12.448500013351438,12.020000457763672,13.119999885559082,1
405,2016-09-08,47.619998931884766,2181.300048828125,12.510000228881836,45.10999984741211,46.21500034332276,45.5,44.70000076293945,2180.956005859375,2180.498486328125,2186.159912109375,2170.949951171875,12.385999870300292,12.471500015258787,11.9399995803833,13.420000076293944,0
406,2016-09-09,45.880001068115234,2127.81005859375,17.5,45.65400009155273,46.334500312805176,47.619998931884766,43.15999984741211,2172.34599609375,2177.5994873046875,2181.300048828125,2170.860107421875,13.189999961853028,12.7625,12.510000228881836,13.479999542236328,1
407,2016-09-12,46.290000915527344,2159.0400390625,15.15999984741211,46.024000549316405,46.4245002746582,45.880001068115234,44.43999862670898,2168.1580078125,2176.348986816406,2127.81005859375,2179.97998046875,13.826000022888184,12.942999982833863,17.5,11.979999542236328,0
408,2016-09-13,44.900001525878906,2127.02001953125,17.850000381469727,46.03800048828125,46.38250026702881,46.290000915527344,44.83000183105469,2156.266015625,2173.192492675781,2159.0400390625,2186.47998046875,14.992000007629395,13.244999980926513,15.15999984741211,12.020000457763672,0
409,2016-09-14,43.58000183105469,2125.77001953125,18.13999938964844,45.65400085449219,46.23250026702881,44.900001525878906,45.5,2144.188037109375,2170.5734985351564,2127.02001953125,2186.159912109375,16.231999969482423,13.519999933242797,17.850000381469727,11.9399995803833,1
410,2016-09-15,43.90999984741211,2147.260009765625,16.299999237060547,44.912001037597655,46.08850021362305,43.58000183105469,47.619998931884766,2137.380029296875,2168.8255004882812,2125.77001953125,2181.300048828125,16.989999771118164,13.72549991607666,18.13999938964844,12.510000228881836,0
411,2016-09-16,43.02999877929688,2139.159912109375,15.369999885559082,44.342000579833986,45.829000091552736,43.90999984741211,45.880001068115234,2139.65,2166.4324951171875,2147.260009765625,2127.81005859375,16.563999748229982,13.922499895095825,16.299999237060547,17.5,1
412,2016-09-19,43.29999923706055,2139.1201171875,15.529999732971191,43.74400024414062,45.56800003051758,43.02999877929688,46.290000915527344,2135.666015625,2164.1949951171873,2139.159912109375,2159.0400390625,16.637999725341796,14.13199987411499,15.369999885559082,15.15999984741211,1
413,2016-09-20,43.43999862670898,2139.760009765625,15.920000076293944,43.45199966430664,45.3875,43.29999923706055,44.900001525878906,2138.214013671875,2162.0510009765626,2139.1201171875,2127.02001953125,16.25199966430664,14.314499855041504,15.529999732971191,17.850000381469727,1
414,2016-09-21,45.34000015258789,2163.1201171875,13.300000190734863,43.80399932861328,45.24950008392334,43.43999862670898,43.58000183105469,2145.684033203125,2160.86201171875,2139.760009765625,2125.77001953125,15.283999824523926,14.360499858856201,15.920000076293944,18.13999938964844,1
415,2016-09-22,46.31999969482422,2177.179931640625,12.020000457763672,44.2859992980957,45.227000045776364,45.34000015258789,43.90999984741211,2151.668017578125,2160.949011230469,2163.1201171875,2147.260009765625,14.42800006866455,14.288999891281128,13.300000190734863,16.299999237060547,0
416,2016-09-23,44.47999954223633,2164.68994140625,12.289999961853027,44.5759994506836,45.08449993133545,46.31999969482422,43.02999877929688,2156.7740234375,2160.560009765625,2177.179931640625,2139.159912109375,13.81200008392334,14.221999883651733,12.020000457763672,15.369999885559082,1
417,2016-09-26,45.93000030517578,2146.10009765625,14.5,45.10199966430664,44.998999977111815,44.47999954223633,43.29999923706055,2158.17001953125,2159.4130126953123,2164.68994140625,2139.1201171875,13.6060001373291,14.26449990272522,12.289999961853027,15.529999732971191,0
418,2016-09-27,44.66999816894531,2159.929931640625,13.100000381469728,45.347999572753906,44.88349990844726,45.93000030517578,43.43999862670898,2162.20400390625,2158.390515136719,2146.10009765625,2139.760009765625,13.042000198364258,14.272499942779541,14.5,15.920000076293944,1
419,2016-09-28,47.04999923706055,2171.3701171875,12.390000343322754,45.689999389648435,44.91849994659424,44.66999816894531,45.34000015258789,2163.85400390625,2158.1530151367188,2159.929931640625,2163.1201171875,12.860000228881836,14.235999965667725,13.100000381469728,13.300000190734863,1
420,2016-09-29,47.83000183105469,2151.1298828125,14.020000457763672,45.991999816894534,45.075,47.04999923706055,46.31999969482422,2158.643994140625,2157.16201171875,2171.3701171875,2177.179931640625,13.260000228881836,14.26599998474121,12.390000343322754,12.020000457763672,1
421,2016-09-30,48.2400016784668,2168.27001953125,13.289999961853027,46.74400024414062,45.329000091552736,47.83000183105469,44.47999954223633,2159.360009765625,2157.032507324219,2151.1298828125,2164.68994140625,13.460000228881835,14.256500005722046,14.020000457763672,12.289999961853027,1
422,2016-10-03,48.810001373291016,2161.199951171875,13.56999969482422,47.32000045776367,45.54750022888184,48.2400016784668,45.93000030517578,2162.37998046875,2156.093505859375,2168.27001953125,2146.10009765625,13.27400016784668,14.336000013351441,13.289999961853027,14.5,0
423,2016-10-04,48.68999862670898,2150.489990234375,13.630000114440918,48.124000549316406,45.74050006866455,48.810001373291016,44.66999816894531,2160.4919921875,2154.2940063476562,2161.199951171875,2159.929931640625,13.380000114440918,14.416499996185303,13.56999969482422,13.100000381469728,1
424,2016-10-05,49.83000183105469,2159.72998046875,12.989999771118164,48.68000106811523,45.957000160217284,48.68999862670898,47.04999923706055,2158.16396484375,2152.972509765625,2150.489990234375,2171.3701171875,13.5,14.469000005722046,13.630000114440918,12.390000343322754,1
425,2016-10-06,50.43999862670898,2160.77001953125,12.84000015258789,49.20200042724609,46.0980001449585,49.83000183105469,47.83000183105469,2160.0919921875,2151.946008300781,2159.72998046875,2151.1298828125,13.263999938964844,14.485500001907349,12.989999771118164,14.020000457763672,0
426,2016-10-07,49.810001373291016,2153.739990234375,13.479999542236328,49.51600036621094,46.29450016021728,50.43999862670898,48.2400016784668,2157.185986328125,2153.2425048828127,2160.77001953125,2168.27001953125,13.301999855041505,14.284499979019165,12.84000015258789,13.289999961853027,0
427,2016-11-07,44.88999938964844,2131.52001953125,18.709999084472656,45.125999450683594,48.771999740600585,44.06999969482422,46.86000061035156,2103.003955078125,2128.4434814453125,2085.179931640625,2126.14990234375,20.23599967956543,16.37899990081787,22.51000022888184,17.059999465942383,1
428,2016-11-08,44.97999954223633,2139.56005859375,18.739999771118164,44.7879997253418,48.481499671936035,44.88999938964844,46.66999816894531,2108.57197265625,2128.5849853515624,2131.52001953125,2111.719970703125,20.271999740600585,16.547999906539918,18.709999084472656,18.559999465942383,1
429,2016-11-09,45.27000045776367,2163.260009765625,14.380000114440918,44.773999786376955,48.23599967956543,44.97999954223633,45.34000015258789,2121.635986328125,2129.7889892578123,2139.56005859375,2097.93994140625,19.283999824523924,16.471499919891357,18.739999771118164,19.31999969482422,0
430,2016-11-10,44.65999984741211,2167.47998046875,14.739999771118164,44.773999786376955,47.94699974060059,45.27000045776367,44.65999984741211,2137.4,2131.5354858398437,2163.260009765625,2088.659912109375,17.81599979400635,16.373999881744385,14.380000114440918,22.07999992370605,0
431,2016-12-12,52.83000183105469,2256.9599609375,12.640000343322754,51.1740005493164,48.375000190734866,51.5,51.790000915527344,2243.252001953125,2205.946484375,2259.530029296875,2204.7099609375,12.208000183105469,12.90600004196167,11.75,12.140000343322754,1
432,2016-12-13,52.97999954223633,2271.719970703125,12.720000267028809,51.58400039672851,48.85800018310547,52.83000183105469,50.93000030517578,2255.15,2211.3224853515626,2256.9599609375,2212.22998046875,12.394000244140624,12.818000078201294,12.640000343322754,11.789999961853027,0
433,2016-12-14,51.040000915527344,2253.280029296875,13.1899995803833,51.83800048828125,49.119500160217285,52.97999954223633,49.77000045776367,2257.535986328125,2214.9669921875,2271.719970703125,2241.35009765625,12.588000106811524,12.809000062942506,12.720000267028809,12.220000267028809,0
434,2016-12-15,50.900001525878906,2262.030029296875,12.789999961853027,51.85000076293945,49.38600025177002,51.040000915527344,50.84000015258789,2260.70400390625,2219.2214965820312,2253.280029296875,2246.18994140625,12.618000030517578,12.762500047683716,13.1899995803833,12.640000343322754,1
435,2016-12-16,51.900001525878906,2258.070068359375,12.199999809265137,51.93000106811523,49.7100004196167,50.900001525878906,51.5,2260.41201171875,2222.768994140625,2262.030029296875,2259.530029296875,12.707999992370606,12.705000019073486,12.789999961853027,11.75,1
436,2016-12-19,52.119998931884766,2262.530029296875,11.710000038146973,51.78800048828125,50.03150043487549,51.900001525878906,52.83000183105469,2261.526025390625,2226.800500488281,2258.070068359375,2256.9599609375,12.521999931335449,12.648000001907347,12.199999809265137,12.640000343322754,1
437,2016-12-20,52.22999954223633,2270.760009765625,11.449999809265137,51.63800048828125,50.268500328063965,52.119998931884766,52.97999954223633,2261.334033203125,2230.4295043945312,2262.530029296875,2271.719970703125,12.267999839782714,12.599499988555909,11.710000038146973,12.720000267028809,1
438,2016-12-21,52.4900016784668,2265.179931640625,11.270000457763672,51.92800064086914,50.49150047302246,52.22999954223633,51.040000915527344,2263.714013671875,2233.54150390625,2270.760009765625,2253.280029296875,11.884000015258788,12.542500019073486,11.449999809265137,13.1899995803833,1
439,2016-12-22,52.95000076293945,2260.9599609375,11.43000030517578,52.33800048828125,50.7410005569458,52.4900016784668,50.900001525878906,2263.5,2236.3535034179686,2265.179931640625,2262.030029296875,11.61200008392334,12.492500019073486,11.270000457763672,12.789999961853027,1
440,2016-12-23,53.02000045776367,2263.7900390625,11.4399995803833,52.5620002746582,51.08900051116943,52.95000076293945,51.900001525878906,2264.643994140625,2238.8755004882814,2260.9599609375,2258.070068359375,11.460000038146973,12.447499990463257,11.43000030517578,12.199999809265137,1
441,2016-12-27,53.900001525878906,2268.8798828125,11.989999771118164,52.91800079345703,51.43000049591065,53.02000045776367,52.119998931884766,2265.91396484375,2242.23349609375,2263.7900390625,2262.530029296875,11.51599998474121,12.389499998092651,11.4399995803833,11.710000038146973,1
442,2016-12-28,54.060001373291016,2249.919921875,12.949999809265137,53.284001159667966,51.87150058746338,53.900001525878906,52.22999954223633,2261.745947265625,2244.4964965820313,2268.8798828125,2270.760009765625,11.815999984741211,12.392000007629395,11.989999771118164,11.449999809265137,0
443,2016-12-29,53.77000045776367,2249.260009765625,13.369999885559082,53.540000915527344,52.08800067901611,54.060001373291016,52.4900016784668,2258.561962890625,2247.018994140625,2249.919921875,2265.179931640625,12.235999870300294,12.394000005722045,12.949999809265137,11.270000457763672,0
444,2016-12-30,53.720001220703125,2238.830078125,14.039999961853027,53.694001007080075,52.22100067138672,53.77000045776367,52.95000076293945,2254.135986328125,2249.406494140625,2249.260009765625,2260.9599609375,12.757999801635743,12.392500019073486,13.369999885559082,11.43000030517578,0
445,2017-01-03,52.33000183105469,2257.830078125,12.850000381469728,53.55600128173828,52.25350074768066,53.720001220703125,53.02000045776367,2252.943994140625,2252.7005004882812,2238.830078125,2263.7900390625,13.039999961853027,12.32900004386902,14.039999961853027,11.4399995803833,1
446,2017-01-04,53.2599983215332,2270.75,11.850000381469728,53.42800064086914,52.32700061798096,52.33000183105469,53.900001525878906,2253.318017578125,2256.0025024414062,2257.830078125,2268.8798828125,13.01200008392334,12.314500045776366,12.850000381469728,11.989999771118164,1
447,2017-01-05,53.7599983215332,2269.0,11.670000076293944,53.36800003051758,52.46850051879883,53.2599983215332,54.060001373291016,2257.134033203125,2258.8410034179688,2270.75,2249.919921875,12.756000137329101,12.308500051498413,11.850000381469728,12.949999809265137,1
448,2017-01-06,53.9900016784668,2276.97998046875,11.31999969482422,53.412000274658205,52.679500579833984,53.7599983215332,53.77000045776367,2262.67802734375,2260.6224975585938,2269.0,2249.260009765625,12.34600009918213,12.263500022888184,11.670000076293944,13.369999885559082,0
449,2017-01-09,51.959999084472656,2268.89990234375,11.5600004196167,53.05999984741211,52.735500526428225,53.9900016784668,53.720001220703125,2268.6919921875,2261.7579956054688,2276.97998046875,2238.830078125,11.850000190734864,12.20950002670288,11.31999969482422,14.039999961853027,0
450,2017-01-10,50.81999969482422,2268.89990234375,11.489999771118164,52.757999420166016,52.701500511169435,51.959999084472656,52.33000183105469,2270.90595703125,2262.2264892578123,2268.89990234375,2257.830078125,11.57800006866455,12.196500015258788,11.5600004196167,12.850000381469728,1
451,2017-01-11,52.25,2275.320068359375,11.260000228881836,52.555999755859375,52.672500419616696,50.81999969482422,53.2599983215332,2271.819970703125,2263.144494628906,2268.89990234375,2270.75,11.460000038146973,12.127500009536742,11.489999771118164,11.850000381469728,1
452,2017-01-12,53.0099983215332,2270.43994140625,11.539999961853027,52.405999755859376,52.674000358581544,52.25,53.7599983215332,2272.107958984375,2263.0804931640623,2275.320068359375,2269.0,11.434000015258789,12.068499994277953,11.260000228881836,11.670000076293944,0
453,2017-01-13,52.369998931884766,2274.639892578125,11.229999542236328,52.08199920654297,52.74050025939941,53.0099983215332,53.9900016784668,2271.63994140625,2264.148486328125,2270.43994140625,2276.97998046875,11.41599998474121,11.970499992370605,11.539999961853027,11.31999969482422,1
454,2017-01-17,52.47999954223633,2267.889892578125,11.869999885559082,52.1859992980957,52.81950016021729,52.369998931884766,51.959999084472656,2271.437939453125,2264.4414794921877,2274.639892578125,2268.89990234375,11.477999877929687,11.924499988555908,11.229999542236328,11.5600004196167,0
455,2017-01-18,51.08000183105469,2271.889892578125,12.479999542236328,52.237999725341794,52.778500175476076,52.47999954223633,50.81999969482422,2272.0359375,2265.132470703125,2267.889892578125,2268.89990234375,11.67599983215332,11.938499975204468,11.869999885559082,11.489999771118164,1
456,2017-01-19,51.369998931884766,2263.68994140625,12.779999732971191,52.06199951171875,52.741000175476074,51.08000183105469,52.25,2269.709912109375,2265.190466308594,2271.889892578125,2275.320068359375,11.97999973297119,11.991999959945678,12.479999542236328,11.260000228881836,1
457,2017-01-20,52.41999816894531,2271.31005859375,11.539999961853027,51.943999481201175,52.75050010681152,51.369998931884766,53.0099983215332,2269.883935546875,2265.21796875,2263.68994140625,2270.43994140625,11.97999973297119,11.996499967575073,12.779999732971191,11.539999961853027,1
458,2017-01-23,52.75,2265.199951171875,11.770000457763672,52.01999969482422,52.76350002288818,52.41999816894531,52.369998931884766,2267.995947265625,2265.2189697265626,2271.31005859375,2274.639892578125,12.08799991607666,12.021499967575073,11.539999961853027,11.229999542236328,1
459,2017-01-24,53.18000030517578,2280.070068359375,11.06999969482422,52.15999984741211,52.775,52.75,52.47999954223633,2270.431982421875,2266.1744750976563,2265.199951171875,2267.889892578125,11.927999877929688,12.003499937057496,11.770000457763672,11.869999885559082,0
460,2017-01-25,52.75,2298.3701171875,10.8100004196167,52.49399948120117,52.76149997711182,53.18000030517578,51.08000183105469,2275.72802734375,2267.9034790039063,2280.070068359375,2271.889892578125,11.594000053405761,11.971999979019166,11.06999969482422,12.479999542236328,1
461,2017-01-26,53.77999877929688,2296.679931640625,10.630000114440918,52.975999450683595,52.755499839782715,52.75,51.369998931884766,2282.326025390625,2269.2934814453124,2298.3701171875,2263.68994140625,11.164000129699707,11.903999996185304,10.8100004196167,12.779999732971191,0
462,2017-01-27,53.16999816894531,2294.68994140625,10.579999923706056,53.125999450683594,52.71099967956543,53.77999877929688,52.41999816894531,2287.002001953125,2271.531982421875,2296.679931640625,2271.31005859375,10.972000122070312,11.78550000190735,10.630000114440918,11.539999961853027,0
463,2017-01-30,52.630001068115234,2280.89990234375,11.880000114440918,53.10199966430664,52.653999710083006,53.16999816894531,52.75,2290.1419921875,2273.113977050781,2294.68994140625,2265.199951171875,10.994000053405761,11.711000013351441,10.579999923706056,11.770000457763672,1
464,2017-01-31,52.810001373291016,2278.8701171875,11.989999771118164,53.02799987792969,52.608499717712405,52.630001068115234,53.18000030517578,2289.902001953125,2275.1159790039064,2280.89990234375,2280.070068359375,11.17800006866455,11.608500003814699,11.880000114440918,11.06999969482422,1
465,2017-02-01,53.880001068115234,2279.550048828125,11.8100004196167,53.25400009155273,52.68599967956543,52.810001373291016,52.75,2286.13798828125,2276.2019775390627,2278.8701171875,2298.3701171875,11.378000068664551,11.556500005722047,11.989999771118164,10.8100004196167,0
466,2017-02-02,53.540000915527344,2280.85009765625,11.93000030517578,53.20600051879883,52.69999980926514,53.880001068115234,53.77999877929688,2282.972021484375,2276.706982421875,2279.550048828125,2296.679931640625,11.638000106811523,11.560500001907348,11.8100004196167,10.630000114440918,1
467,2017-02-03,53.83000183105469,2297.419921875,10.970000267028809,53.3380012512207,52.703499984741214,53.540000915527344,53.16999816894531,2283.518017578125,2278.127978515625,2280.85009765625,2294.68994140625,11.716000175476074,11.525500011444093,11.93000030517578,10.579999923706056,0
468,2017-02-06,53.0099983215332,2292.56005859375,11.369999885559082,53.4140007019043,52.65449981689453,53.83000183105469,52.630001068115234,2285.850048828125,2278.906982421875,2297.419921875,2280.89990234375,11.614000129699708,11.528000020980835,10.970000267028809,11.880000114440918,0
469,2017-02-07,52.16999816894531,2293.080078125,11.289999961853027,53.28600006103515,52.66499977111816,53.0099983215332,52.810001373291016,2288.692041015625,2280.1159912109374,2292.56005859375,2278.8701171875,11.474000167846679,11.514499998092651,11.369999885559082,11.989999771118164,1
470,2017-02-08,52.34000015258789,2294.669921875,11.449999809265137,52.97799987792969,52.74099979400635,52.16999816894531,53.880001068115234,2291.716015625,2281.4044921875,2293.080078125,2279.550048828125,11.402000045776367,11.5125,11.289999961853027,11.8100004196167,1
471,2017-02-09,53.0,2307.8701171875,10.880000114440918,52.869999694824216,52.77849979400635,52.34000015258789,53.540000915527344,2297.12001953125,2283.0319946289064,2294.669921875,2280.85009765625,11.192000007629394,11.493499994277954,11.449999809265137,11.93000030517578,1
472,2017-02-10,53.86000061035156,2316.10009765625,10.850000381469728,52.875999450683594,52.82099990844726,53.0,53.83000183105469,2300.8560546875,2285.3150024414062,2307.8701171875,2297.419921875,11.168000030517579,11.45900001525879,10.880000114440918,10.970000267028809,0
473,2017-02-13,52.93000030517578,2328.25,11.06999969482422,52.85999984741211,52.848999977111816,53.86000061035156,53.0099983215332,2307.99404296875,2287.9955078125,2316.10009765625,2292.56005859375,11.107999992370607,11.451000022888184,10.850000381469728,11.369999885559082,1
474,2017-02-14,53.20000076293945,2337.580078125,10.739999771118164,53.066000366210936,52.88500003814697,52.93000030517578,52.16999816894531,2316.89404296875,2291.480017089844,2328.25,2293.080078125,10.997999954223634,11.394500017166138,11.06999969482422,11.289999961853027,0
475,2017-02-15,53.11000061035156,2349.25,11.970000267028809,53.220000457763675,52.98649997711182,53.20000076293945,52.34000015258789,2327.81005859375,2295.3480224609375,2337.580078125,2294.669921875,11.102000045776368,11.369000053405761,10.739999771118164,11.449999809265137,1
476,2017-02-16,53.36000061035156,2347.219970703125,11.760000228881836,53.29200057983398,53.08600006103516,53.11000061035156,53.0,2335.680029296875,2299.524523925781,2349.25,2307.8701171875,11.278000068664552,11.318000078201294,11.970000267028809,10.880000114440918,1
477,2017-02-17,53.400001525878906,2351.159912109375,11.489999771118164,53.20000076293945,53.135000228881836,53.36000061035156,53.86000061035156,2342.6919921875,2303.5170166015623,2347.219970703125,2316.10009765625,11.405999946594239,11.315500068664551,11.760000228881836,10.850000381469728,1
478,2017-02-21,54.060001373291016,2365.3798828125,11.56999969482422,53.4260009765625,53.200500297546384,53.400001525878906,52.93000030517578,2350.11796875,2308.526013183594,2351.159912109375,2328.25,11.505999946594239,11.305500030517578,11.489999771118164,11.06999969482422,0
479,2017-02-22,53.59000015258789,2362.820068359375,11.739999771118164,53.50400085449219,53.221000289916994,54.060001373291016,53.20000076293945,2355.165966796875,2312.6635131835938,2365.3798828125,2337.580078125,11.705999946594238,11.339000034332276,11.56999969482422,10.739999771118164,1
480,2017-02-23,54.45000076293945,2363.81005859375,11.710000038146973,53.77200088500977,53.306000328063966,53.59000015258789,53.11000061035156,2358.077978515625,2315.935510253906,2362.820068359375,2349.25,11.65399990081787,11.384000015258788,11.739999771118164,11.970000267028809,0
481,2017-02-24,53.9900016784668,2367.340087890625,11.470000267028809,53.89800109863281,53.31650047302246,54.45000076293945,53.36000061035156,2362.102001953125,2319.4685180664064,2363.81005859375,2347.219970703125,11.595999908447265,11.426000022888184,11.710000038146973,11.760000228881836,1
482,2017-02-27,54.04999923706055,2369.75,12.09000015258789,54.02800064086914,53.360500526428225,53.9900016784668,53.400001525878906,2365.82001953125,2323.2215209960937,2367.340087890625,2351.159912109375,11.715999984741211,11.501500034332276,11.470000267028809,11.489999771118164,0
483,2017-02-28,54.0099983215332,2363.639892578125,12.920000076293944,54.01800003051758,53.42950038909912,54.04999923706055,54.060001373291016,2365.472021484375,2327.3585205078125,2369.75,2365.3798828125,11.986000061035156,11.553500032424926,12.09000015258789,11.56999969482422,0
484,2017-03-01,53.83000183105469,2395.9599609375,12.539999961853027,54.066000366210936,53.48050041198731,54.0099983215332,53.59000015258789,2372.1,2333.2130126953125,2363.639892578125,2362.820068359375,12.146000099182128,11.58100004196167,12.920000076293944,11.739999771118164,0
485,2017-03-02,52.61000061035156,2381.919921875,11.8100004196167,53.69800033569336,53.41700038909912,53.83000183105469,54.45000076293945,2375.72197265625,2338.331506347656,2395.9599609375,2363.81005859375,12.166000175476075,11.58100004196167,12.539999961853027,11.710000038146973,1
486,2017-03-03,53.33000183105469,2383.1201171875,10.960000038146973,53.566000366210936,53.40650043487549,52.61000061035156,53.9900016784668,2378.877978515625,2343.4450073242188,2381.919921875,2367.340087890625,12.064000129699707,11.53250002861023,11.8100004196167,11.470000267028809,0
487,2017-03-06,53.20000076293945,2375.31005859375,11.239999771118164,53.396000671386716,53.375000381469725,53.33000183105469,54.04999923706055,2379.989990234375,2347.3395141601563,2383.1201171875,2369.75,11.894000053405762,11.546000003814697,10.960000038146973,12.09000015258789,0
488,2017-03-07,53.13999938964844,2368.389892578125,11.449999809265137,53.22200088500976,53.38150043487549,53.20000076293945,54.0099983215332,2380.939990234375,2351.131005859375,2375.31005859375,2363.639892578125,11.6,11.55,11.239999771118164,12.920000076293944,0
489,2017-03-08,50.27999877929688,2362.97998046875,11.859999656677246,52.512000274658206,53.287000465393064,53.13999938964844,53.83000183105469,2374.343994140625,2354.6260009765624,2368.389892578125,2395.9599609375,11.463999938964843,11.57849998474121,11.449999809265137,12.539999961853027,0
490,2017-03-09,49.27999877929688,2364.8701171875,12.300000190734863,51.84599990844727,53.13400039672852,50.27999877929688,52.61000061035156,2370.934033203125,2358.1360107421874,2362.97998046875,2381.919921875,11.561999893188476,11.621000003814697,11.859999656677246,11.8100004196167,0
491,2017-03-10,48.4900016784668,2372.60009765625,11.65999984741211,50.877999877929696,52.90850048065185,49.27999877929688,53.33000183105469,2368.830029296875,2361.372509765625,2364.8701171875,2383.1201171875,11.701999855041503,11.659999990463257,12.300000190734863,10.960000038146973,0
492,2017-03-13,48.400001525878906,2373.469970703125,11.350000381469728,49.918000030517575,52.635500526428224,48.4900016784668,53.20000076293945,2368.46201171875,2364.241003417969,2372.60009765625,2375.31005859375,11.723999977111816,11.684999990463258,11.65999984741211,11.239999771118164,0
493,2017-03-14,47.720001220703125,2365.449951171875,12.300000190734863,48.83400039672851,52.37500057220459,48.400001525878906,53.13999938964844,2367.8740234375,2366.1010009765623,2373.469970703125,2368.389892578125,11.894000053405762,11.746500015258789,11.350000381469728,11.449999809265137,1
494,2017-03-15,48.86000061035156,2385.260009765625,11.630000114440918,48.550000762939455,52.1580005645752,47.720001220703125,50.27999877929688,2372.330029296875,2368.484997558594,2365.449951171875,2362.97998046875,11.848000144958496,11.791000032424927,12.300000190734863,11.859999656677246,0
495,2017-03-16,48.75,2381.3798828125,11.210000038146973,48.444001007080075,51.94000053405762,48.86000061035156,49.27999877929688,2375.631982421875,2370.0914916992188,2385.260009765625,2364.8701171875,11.630000114440918,11.753000020980835,11.630000114440918,12.300000190734863,1
496,2017-03-17,48.77999877929688,2378.25,11.279999732971191,48.502000427246095,51.71100044250488,48.75,48.4900016784668,2376.761962890625,2371.6429931640623,2381.3798828125,2372.60009765625,11.554000091552734,11.728999996185303,11.210000038146973,11.65999984741211,0
497,2017-03-20,48.220001220703125,2373.469970703125,11.34000015258789,48.466000366210935,51.45200042724609,48.77999877929688,48.400001525878906,2376.761962890625,2372.75849609375,2378.25,2373.469970703125,11.552000045776367,11.721500015258789,11.279999732971191,11.350000381469728,0
498,2017-03-21,47.34000015258789,2344.02001953125,12.470000267028809,48.39000015258789,51.11600036621094,48.220001220703125,47.720001220703125,2372.4759765625,2371.6905029296877,2373.469970703125,2365.449951171875,11.586000061035156,11.76650004386902,11.34000015258789,12.300000190734863,1
499,2017-03-22,48.040000915527344,2348.449951171875,12.8100004196167,48.226000213623045,50.83850040435791,47.34000015258789,48.86000061035156,2365.11396484375,2370.9719970703127,2344.02001953125,2385.260009765625,11.822000122070312,11.820000076293946,12.470000267028809,11.630000114440918,0
500,2017-03-23,47.70000076293945,2345.9599609375,13.119999885559082,48.01600036621094,50.50100040435791,48.040000915527344,48.75,2358.02998046875,2370.0794921875,2348.449951171875,2381.3798828125,12.204000091552734,11.89050006866455,12.8100004196167,11.210000038146973,1
501,2017-03-24,47.970001220703125,2343.97998046875,12.960000038146973,47.854000854492185,50.20000038146973,47.70000076293945,48.77999877929688,2351.1759765625,2368.911486816406,2345.9599609375,2378.25,12.54000015258789,11.96500005722046,13.119999885559082,11.279999732971191,0
502,2017-03-27,47.72999954223633,2341.590087890625,12.5,47.75600051879883,49.88400039672852,47.970001220703125,48.220001220703125,2344.8,2367.5034912109377,2343.97998046875,2373.469970703125,12.772000122070313,11.985500049591064,12.960000038146973,11.34000015258789,1
503,2017-03-28,48.369998931884766,2358.570068359375,11.529999732971191,47.9620002746582,49.6020004272461,47.72999954223633,47.34000015258789,2347.710009765625,2367.25,2341.590087890625,2344.02001953125,12.58400001525879,11.916000032424927,12.5,12.470000267028809,1
504,2017-03-29,49.5099983215332,2361.1298828125,11.420000076293944,48.25599975585938,49.38600025177002,48.369998931884766,48.040000915527344,2350.24599609375,2365.50849609375,2358.570068359375,2348.449951171875,12.305999946594238,11.860000038146973,11.529999732971191,12.8100004196167,1
505,2017-03-30,50.34999847412109,2368.06005859375,11.539999961853027,48.7859992980957,49.273000144958495,49.5099983215332,47.70000076293945,2354.666015625,2364.8155029296877,2361.1298828125,2345.9599609375,11.989999961853027,11.846500015258789,11.420000076293944,13.119999885559082,1
506,2017-03-31,50.59999847412109,2362.719970703125,12.369999885559082,49.311998748779295,49.13649997711182,50.34999847412109,47.970001220703125,2358.414013671875,2363.7954956054687,2368.06005859375,2343.97998046875,11.871999931335449,11.917000007629394,11.539999961853027,12.960000038146973,0
507,2017-04-03,50.2400016784668,2358.840087890625,12.380000114440918,49.81399917602539,48.98850002288818,50.59999847412109,47.72999954223633,2361.864013671875,2362.9719970703127,2362.719970703125,2341.590087890625,11.847999954223633,11.974000024795533,12.369999885559082,12.5,1
508,2017-04-04,51.02999877929688,2360.159912109375,11.789999961853027,50.34599914550781,48.88299999237061,50.2400016784668,48.369998931884766,2362.181982421875,2362.560498046875,2358.840087890625,2358.570068359375,11.9,11.991000032424926,12.380000114440918,11.529999732971191,1
509,2017-04-05,51.150001525878906,2352.949951171875,12.890000343322754,50.67399978637695,48.926500129699704,51.02999877929688,49.5099983215332,2360.54599609375,2362.0589965820313,2360.159912109375,2361.1298828125,12.194000053405762,12.042500066757203,11.789999961853027,11.420000076293944,1
510,2017-04-06,51.70000076293945,2357.489990234375,12.390000343322754,50.944000244140625,49.04750022888184,51.150001525878906,50.34999847412109,2358.431982421875,2361.689990234375,2352.949951171875,2368.06005859375,12.364000129699708,12.047000074386597,12.890000343322754,11.539999961853027,1
511,2017-04-07,52.2400016784668,2355.5400390625,12.869999885559082,51.27200088500977,49.23500022888184,51.70000076293945,50.59999847412109,2356.99599609375,2360.8369873046877,2357.489990234375,2362.719970703125,12.464000129699707,12.107500076293945,12.390000343322754,12.369999885559082,1
512,2017-04-10,53.08000183105469,2357.159912109375,14.050000190734863,51.84000091552734,49.469000244140624,52.2400016784668,50.2400016784668,2356.6599609375,2360.021484375,2355.5400390625,2358.840087890625,12.798000144958497,12.242500066757202,12.869999885559082,12.380000114440918,1
513,2017-04-11,53.400001525878906,2353.780029296875,15.06999969482422,52.31400146484375,49.753000259399414,53.08000183105469,51.02999877929688,2355.383984375,2359.43798828125,2357.159912109375,2360.159912109375,13.454000091552734,12.38100004196167,14.050000190734863,11.789999961853027,0
514,2017-04-12,53.11000061035156,2344.929931640625,15.770000457763672,52.70600128173828,49.96550025939941,53.400001525878906,51.150001525878906,2353.77998046875,2357.421484375,2353.780029296875,2352.949951171875,14.030000114440918,12.588000059127808,15.06999969482422,12.890000343322754,1
515,2017-04-13,53.18000030517578,2328.949951171875,15.960000038146973,53.002001190185545,50.1870002746582,53.11000061035156,51.70000076293945,2348.07197265625,2354.7999877929688,2344.929931640625,2357.489990234375,14.744000053405761,12.825500059127808,15.770000457763672,12.390000343322754,0
516,2017-04-17,52.650001525878906,2349.010009765625,14.65999984741211,53.08400115966797,50.380500411987306,53.18000030517578,52.2400016784668,2346.765966796875,2353.33798828125,2328.949951171875,2355.5400390625,15.102000045776368,12.994500064849854,15.960000038146973,12.869999885559082,0
517,2017-04-18,52.40999984741211,2342.18994140625,14.420000076293944,52.95000076293945,50.59000034332276,52.650001525878906,53.08000183105469,2343.77197265625,2351.7739868164062,2349.010009765625,2357.159912109375,15.176000022888184,13.148500061035156,14.65999984741211,14.050000190734863,0
518,2017-04-19,50.43999862670898,2338.169921875,14.93000030517578,52.35800018310547,50.74500026702881,52.40999984741211,53.400001525878906,2340.649951171875,2351.481481933594,2342.18994140625,2353.780029296875,15.148000144958496,13.271500062942504,14.420000076293944,15.06999969482422,0
519,2017-04-20,50.27000045776367,2355.840087890625,14.149999618530272,51.79000015258789,50.856500244140626,50.43999862670898,53.11000061035156,2342.831982421875,2351.8509887695313,2338.169921875,2344.929931640625,14.823999977111816,13.338500022888184,14.93000030517578,15.770000457763672,0
520,2017-04-21,49.619998931884766,2348.68994140625,14.630000114440918,51.077999877929685,50.95250015258789,50.27000045776367,53.18000030517578,2346.77998046875,2351.9874877929688,2355.840087890625,2328.949951171875,14.557999992370606,13.414000034332275,14.149999618530272,15.960000038146973,0
521,2017-04-24,49.22999954223633,2374.14990234375,10.84000015258789,50.39399948120117,51.01550006866455,49.619998931884766,52.650001525878906,2351.807958984375,2353.495983886719,2348.68994140625,2349.010009765625,13.794000053405762,13.30800004005432,14.630000114440918,14.65999984741211,1
522,2017-04-25,49.560001373291016,2388.610107421875,10.760000228881836,49.82399978637695,51.10700016021728,49.22999954223633,52.40999984741211,2361.0919921875,2355.8469848632812,2374.14990234375,2342.18994140625,13.06200008392334,13.221000051498413,10.84000015258789,14.420000076293944,1
523,2017-04-26,49.619998931884766,2387.449951171875,10.850000381469728,49.65999984741211,51.16950016021728,49.560001373291016,50.43999862670898,2370.947998046875,2357.290979003906,2388.610107421875,2338.169921875,12.24600009918213,13.18700008392334,10.760000228881836,14.93000030517578,0
524,2017-04-27,48.970001220703125,2388.77001953125,10.359999656677246,49.4,51.14250030517578,49.619998931884766,50.27000045776367,2377.533984375,2358.672985839844,2387.449951171875,2355.840087890625,11.488000106811523,13.134000062942505,10.850000381469728,14.149999618530272,1
525,2017-04-28,49.33000183105469,2384.199951171875,10.81999969482422,49.342000579833986,51.091500473022464,48.970001220703125,49.619998931884766,2384.635986328125,2359.47998046875,2388.77001953125,2348.68994140625,10.726000022888185,13.098000049591064,10.359999656677246,14.630000114440918,0
526,2017-05-01,48.84000015258789,2388.330078125,10.109999656677246,49.264000701904294,51.0035005569458,49.33000183105469,49.22999954223633,2387.472021484375,2360.7604858398436,2384.199951171875,2374.14990234375,10.579999923706056,12.985000038146973,10.81999969482422,10.84000015258789,0
527,2017-05-02,47.65999984741211,2391.169921875,10.59000015258789,48.88400039672852,50.87450046539307,48.84000015258789,49.560001373291016,2387.983984375,2362.3769775390624,2388.330078125,2388.610107421875,10.545999908447268,12.895500040054321,10.109999656677246,10.760000228881836,1
528,2017-05-03,47.81999969482422,2388.1298828125,10.68000030517578,48.524000549316405,50.71400051116943,47.65999984741211,49.619998931884766,2388.119970703125,2363.7754760742187,2391.169921875,2387.449951171875,10.511999893188477,12.84000005722046,10.59000015258789,10.850000381469728,0
529,2017-05-04,45.52000045776367,2389.52001953125,10.460000038146973,47.83400039672851,50.43250045776367,47.81999969482422,48.970001220703125,2388.269970703125,2365.6039794921876,2388.1298828125,2388.77001953125,10.531999969482422,12.71850004196167,10.68000030517578,10.359999656677246,1
530,2017-05-05,46.220001220703125,2399.2900390625,10.56999969482422,47.2120002746582,50.15850048065185,45.52000045776367,49.33000183105469,2391.28798828125,2367.693981933594,2389.52001953125,2384.199951171875,10.481999969482422,12.627500009536742,10.460000038146973,10.81999969482422,1
531,2017-05-08,46.43000030517578,2399.3798828125,9.770000457763672,46.73000030517578,49.8680004119873,46.220001220703125,48.84000015258789,2393.49794921875,2369.8859741210936,2399.2900390625,2388.330078125,10.414000129699707,12.472500038146972,10.56999969482422,10.109999656677246,0
532,2017-05-09,45.880001068115234,2396.919921875,9.960000038146973,46.374000549316406,49.50800037384033,46.43000030517578,47.65999984741211,2394.64794921875,2371.873974609375,2399.3798828125,2391.169921875,10.288000106811523,12.268000030517578,9.770000457763672,10.59000015258789,1
533,2017-05-10,47.33000183105469,2399.6298828125,10.210000038146973,46.2760009765625,49.204500389099124,45.880001068115234,47.81999969482422,2396.94794921875,2374.166467285156,2396.919921875,2388.1298828125,10.194000053405762,12.025000047683715,9.960000038146973,10.68000030517578,1
534,2017-05-11,47.83000183105469,2394.43994140625,10.600000381469728,46.7380012512207,48.94050045013428,47.33000183105469,45.52000045776367,2397.93193359375,2376.6419677734375,2399.6298828125,2389.52001953125,10.222000122070312,11.76650004386902,10.210000038146973,10.460000038146973,1
535,2017-05-12,47.84000015258789,2390.89990234375,10.399999618530272,47.06200103759765,48.67350044250488,47.83000183105469,46.220001220703125,2396.25390625,2379.739465332031,2394.43994140625,2399.2900390625,10.188000106811524,11.488500022888184,10.600000381469728,10.56999969482422,1
536,2017-05-15,48.84999847412109,2402.320068359375,10.420000076293944,47.54600067138672,48.48350028991699,47.84000015258789,46.43000030517578,2396.841943359375,2382.4049682617188,2390.89990234375,2399.3798828125,10.318000030517577,11.276500034332276,10.399999618530272,9.770000457763672,0
537,2017-05-16,48.65999984741211,2400.669921875,10.649999618530272,48.1020004272461,48.29600028991699,48.84999847412109,45.880001068115234,2397.591943359375,2385.328967285156,2402.320068359375,2396.919921875,10.455999946594236,11.088000011444091,10.420000076293944,9.960000038146973,1
538,2017-05-17,49.06999969482422,2357.030029296875,15.59000015258789,48.45,48.22750034332275,48.65999984741211,47.33000183105469,2389.07197265625,2386.27197265625,2400.669921875,2399.6298828125,11.53199996948242,11.121000003814697,10.649999618530272,10.210000038146973,1
539,2017-05-18,49.34999847412109,2365.719970703125,14.65999984741211,48.753999328613276,48.18150024414062,49.06999969482422,47.83000183105469,2383.327978515625,2386.765966796875,2357.030029296875,2394.43994140625,12.343999862670897,11.14650001525879,15.59000015258789,10.600000381469728,1
540,2017-05-19,50.33000183105469,2381.72998046875,12.039999961853027,49.25199966430664,48.21700038909912,49.34999847412109,47.84000015258789,2381.493994140625,2388.41796875,2365.719970703125,2390.89990234375,12.671999931335447,11.017000007629395,14.65999984741211,10.399999618530272,1
541,2017-05-22,50.72999954223633,2394.02001953125,10.93000030517578,49.62799987792969,48.29200038909912,50.33000183105469,48.84999847412109,2379.833984375,2389.411474609375,2381.72998046875,2402.320068359375,12.773999977111817,11.02150001525879,12.039999961853027,10.420000076293944,1
542,2017-05-23,51.470001220703125,2398.419921875,10.720000267028809,50.19000015258789,48.38750038146973,50.72999954223633,48.65999984741211,2379.383984375,2389.901965332031,2394.02001953125,2400.669921875,12.788000106811523,11.019500017166138,10.93000030517578,10.649999618530272,0
543,2017-05-24,51.36000061035156,2404.389892578125,10.020000457763672,50.64800033569336,48.474500465393064,51.470001220703125,49.06999969482422,2388.85595703125,2390.7489624023438,2398.419921875,2357.030029296875,11.67400016784668,10.978000020980835,10.720000267028809,15.59000015258789,0
544,2017-05-25,48.900001525878906,2415.070068359375,9.989999771118164,50.55800094604492,48.47100048065185,51.36000061035156,49.34999847412109,2398.7259765625,2392.06396484375,2404.389892578125,2365.719970703125,10.740000152587891,10.95950002670288,10.020000457763672,14.65999984741211,1
545,2017-05-26,49.79999923706055,2415.820068359375,9.8100004196167,50.45200042724609,48.49450035095215,48.900001525878906,50.33000183105469,2405.543994140625,2393.644970703125,2415.070068359375,2381.72998046875,10.294000244140625,10.909000062942505,9.989999771118164,12.039999961853027,0
546,2017-05-30,49.65999984741211,2412.909912109375,10.380000114440918,50.23800048828125,48.53550033569336,49.79999923706055,50.72999954223633,2409.32197265625,2394.8739624023438,2415.820068359375,2394.02001953125,10.184000205993652,10.922500085830688,9.8100004196167,10.93000030517578,0
547,2017-05-31,48.31999969482422,2411.800048828125,10.40999984741211,49.60800018310547,48.56850032806396,49.65999984741211,51.470001220703125,2411.997998046875,2395.90546875,2412.909912109375,2398.419921875,10.122000122070313,10.9135000705719,10.380000114440918,10.720000267028809,1
548,2017-06-01,48.36000061035156,2430.06005859375,9.890000343322754,49.008000183105466,48.59550037384033,48.31999969482422,51.36000061035156,2417.13203125,2398.0019775390624,2411.800048828125,2404.389892578125,10.09600009918213,10.874000072479248,10.40999984741211,10.020000457763672,0
549,2017-06-02,47.65999984741211,2439.070068359375,9.75,48.75999984741211,48.702500343322754,48.36000061035156,48.900001525878906,2421.93203125,2400.4794799804686,2430.06005859375,2415.070068359375,10.048000144958497,10.8385000705719,9.890000343322754,9.989999771118164,0
550,2017-06-05,47.400001525878906,2436.10009765625,10.06999969482422,48.28000030517578,48.76150035858154,47.65999984741211,49.79999923706055,2425.988037109375,2402.3199829101563,2439.070068359375,2415.820068359375,10.1,10.8135000705719,9.75,9.8100004196167,1
551,2017-06-06,48.18999862670898,2429.330078125,10.449999809265137,47.986000061035156,48.849500274658205,47.400001525878906,49.65999984741211,2429.2720703125,2403.817492675781,2436.10009765625,2412.909912109375,10.113999938964843,10.847500038146972,10.06999969482422,10.380000114440918,0
552,2017-06-07,45.720001220703125,2433.139892578125,10.390000343322754,47.466000366210935,48.8415002822876,48.18999862670898,48.31999969482422,2433.5400390625,2405.6284912109377,2429.330078125,2411.800048828125,10.110000038146973,10.869000053405761,10.449999809265137,10.40999984741211,0
553,2017-06-08,45.63999938964844,2433.7900390625,10.15999984741211,46.922000122070315,48.75700016021729,45.720001220703125,48.36000061035156,2434.28603515625,2407.3364990234377,2433.139892578125,2430.06005859375,10.163999938964844,10.866500043869019,10.390000343322754,9.890000343322754,1
554,2017-06-09,45.83000183105469,2431.77001953125,10.699999809265137,46.556000518798825,48.65700016021729,45.63999938964844,47.65999984741211,2432.826025390625,2409.2030029296875,2433.7900390625,2439.070068359375,10.353999900817872,10.871500015258789,10.15999984741211,9.75,1
555,2017-06-12,46.08000183105469,2429.389892578125,11.460000038146973,46.29200057983398,48.569000244140625,45.83000183105469,47.400001525878906,2431.483984375,2411.1275024414062,2431.77001953125,2436.10009765625,10.631999969482422,10.924500036239625,10.699999809265137,10.06999969482422,1
556,2017-06-13,46.459999084472656,2440.35009765625,10.420000076293944,45.94600067138672,48.449500274658206,46.08000183105469,48.18999862670898,2433.68798828125,2413.02900390625,2429.389892578125,2429.330078125,10.626000022888183,10.924500036239625,11.460000038146973,10.449999809265137,0
557,2017-06-14,44.72999954223633,2437.919921875,10.640000343322754,45.74800033569336,48.253000259399414,46.459999084472656,45.720001220703125,2434.643994140625,2414.89150390625,2440.35009765625,2433.139892578125,10.676000022888184,10.924000072479249,10.420000076293944,10.390000343322754,0
558,2017-06-15,44.459999084472656,2432.4599609375,10.899999618530272,45.512000274658206,48.02250022888184,44.72999954223633,45.63999938964844,2434.377978515625,2418.6630004882813,2437.919921875,2433.7900390625,10.823999977111816,10.689500045776366,10.640000343322754,10.15999984741211,1
559,2017-06-16,44.7400016784668,2433.14990234375,10.380000114440918,45.294000244140626,47.79200038909912,44.459999084472656,45.83000183105469,2434.653955078125,2422.0344970703127,2432.4599609375,2431.77001953125,10.760000038146973,10.475500059127807,10.899999618530272,10.699999809265137,0
560,2017-06-19,44.20000076293945,2453.4599609375,10.369999885559082,44.918000030517575,47.48550033569336,44.7400016784668,46.08000183105469,2439.46796875,2425.62099609375,2433.14990234375,2429.389892578125,10.542000007629394,10.392000055313108,10.380000114440918,11.460000038146973,0
561,2017-06-20,43.22999954223633,2437.030029296875,10.859999656677246,44.27200012207031,47.11050033569336,44.20000076293945,46.459999084472656,2438.803955078125,2427.7714965820314,2453.4599609375,2440.35009765625,10.629999923706055,10.388500022888184,10.369999885559082,10.420000076293944,0
562,2017-06-21,42.52999877929688,2435.610107421875,10.75,43.831999969482425,46.663500213623045,43.22999954223633,44.72999954223633,2438.3419921875,2429.631005859375,2437.030029296875,2437.919921875,10.651999855041504,10.390000009536744,10.859999656677246,10.640000343322754,1
563,2017-06-22,42.7400016784668,2434.5,10.479999542236328,43.48800048828125,46.23250026702881,42.52999877929688,44.459999084472656,2438.75,2431.136511230469,2435.610107421875,2432.4599609375,10.567999839782715,10.412999963760376,10.75,10.899999618530272,1
564,2017-06-23,43.0099983215332,2438.300048828125,10.020000457763672,43.14199981689453,45.93800010681152,42.7400016784668,44.7400016784668,2439.780029296875,2432.2980102539063,2434.5,2433.14990234375,10.495999908447265,10.414499998092651,10.479999542236328,10.380000114440918,1
565,2017-06-26,43.380001068115234,2439.070068359375,9.899999618530272,42.97799987792969,45.61700019836426,43.0099983215332,44.20000076293945,2436.90205078125,2433.4605102539062,2438.300048828125,2453.4599609375,10.401999855041504,10.41899995803833,10.020000457763672,10.369999885559082,1
566,2017-06-27,44.2400016784668,2419.3798828125,11.0600004196167,43.18000030517578,45.346000289916994,43.380001068115234,43.22999954223633,2433.372021484375,2433.7840087890627,2439.070068359375,2437.030029296875,10.442000007629394,10.45299997329712,9.899999618530272,10.859999656677246,1
567,2017-06-28,44.7400016784668,2440.68994140625,10.029999732971191,43.62200088500977,45.16700038909912,44.2400016784668,42.52999877929688,2434.38798828125,2435.2285034179686,2419.3798828125,2435.610107421875,10.297999954223632,10.433999967575073,11.0600004196167,10.75,1
568,2017-06-29,44.93000030517578,2419.699951171875,11.4399995803833,44.060000610351565,44.99550037384033,44.7400016784668,42.7400016784668,2431.427978515625,2434.710498046875,2440.68994140625,2434.5,10.489999961853027,10.511499929428101,10.029999732971191,10.479999542236328,1
569,2017-06-30,46.040000915527344,2423.409912109375,11.18000030517578,44.66600112915039,44.9145004272461,44.93000030517578,43.0099983215332,2428.449951171875,2433.927490234375,2419.699951171875,2438.300048828125,10.721999931335448,10.58299994468689,11.4399995803833,10.020000457763672,1
570,2017-07-03,47.06999969482422,2429.010009765625,11.220000267028809,45.40400085449219,44.89800033569336,46.040000915527344,43.380001068115234,2426.437939453125,2433.5729858398436,2423.409912109375,2439.070068359375,10.986000061035156,10.640499973297118,11.18000030517578,9.899999618530272,0
571,2017-07-05,45.130001068115234,2432.5400390625,11.06999969482422,45.582000732421875,44.74500045776367,47.06999969482422,44.2400016784668,2429.069970703125,2433.7334838867187,2429.010009765625,2419.3798828125,10.98799991607666,10.671499967575071,11.220000267028809,11.0600004196167,1
572,2017-07-06,45.52000045776367,2409.75,12.539999961853027,45.73800048828125,44.735000419616696,45.130001068115234,44.7400016784668,2422.881982421875,2432.5639892578124,2432.5400390625,2440.68994140625,11.489999961853027,10.778999948501585,11.06999969482422,10.029999732971191,0
573,2017-07-07,44.22999954223633,2425.179931640625,11.1899995803833,45.59800033569336,44.6645004272461,45.52000045776367,44.93000030517578,2423.977978515625,2432.1334838867188,2409.75,2419.699951171875,11.439999961853028,10.830499935150145,12.539999961853027,11.4399995803833,1
574,2017-07-10,44.400001525878906,2427.429931640625,11.109999656677246,45.27000045776367,44.593000411987305,44.22999954223633,46.040000915527344,2424.781982421875,2431.9164794921876,2425.179931640625,2423.409912109375,11.42599983215332,10.85099992752075,11.1899995803833,11.18000030517578,1
575,2017-07-11,45.040000915527344,2425.530029296875,10.890000343322754,44.864000701904295,44.54100036621094,44.400001525878906,47.06999969482422,2424.085986328125,2431.723486328125,2427.429931640625,2429.010009765625,11.359999847412109,10.82249994277954,11.109999656677246,11.220000267028809,1
576,2017-07-12,45.4900016784668,2443.25,10.300000190734863,44.93600082397461,44.49250049591065,45.040000915527344,45.130001068115234,2426.227978515625,2431.8684814453127,2425.530029296875,2432.5400390625,11.205999946594238,10.816499948501587,10.890000343322754,11.06999969482422,1
577,2017-07-13,46.08000183105469,2447.830078125,9.899999618530272,45.04800109863281,44.560000610351565,45.4900016784668,45.52000045776367,2433.843994140625,2432.3639892578126,2443.25,2409.75,10.677999877929688,10.779499912261963,10.300000190734863,12.539999961853027,1
578,2017-07-14,46.540000915527344,2459.27001953125,9.510000228881836,45.51000137329102,44.6640007019043,46.08000183105469,44.22999954223633,2440.66201171875,2433.7044921875,2447.830078125,2425.179931640625,10.342000007629395,10.709999942779541,9.899999618530272,11.1899995803833,0
579,2017-07-17,46.02000045776367,2459.139892578125,9.81999969482422,45.83400115966797,44.72800064086914,46.540000915527344,44.400001525878906,2447.00400390625,2435.0039916992187,2459.27001953125,2427.429931640625,10.08400001525879,10.681999921798706,9.510000228881836,11.109999656677246,1
580,2017-07-18,46.400001525878906,2460.610107421875,9.890000343322754,46.10600128173828,44.83800067901611,46.02000045776367,45.040000915527344,2454.02001953125,2435.3614990234373,2459.139892578125,2425.530029296875,9.884000015258788,10.657999944686889,9.81999969482422,10.890000343322754,1
581,2017-07-19,47.119998931884766,2473.830078125,9.789999961853027,46.432000732421876,45.032500648498534,46.400001525878906,45.4900016784668,2460.13603515625,2437.2015014648437,2460.610107421875,2443.25,9.781999969482422,10.604499959945679,9.890000343322754,10.300000190734863,0
582,2017-07-20,46.790000915527344,2473.449951171875,9.579999923706056,46.57400054931641,45.24550075531006,47.119998931884766,46.08000183105469,2465.260009765625,2439.0934936523436,2473.830078125,2447.830078125,9.71800003051758,10.54599995613098,9.789999961853027,9.899999618530272,0
583,2017-07-21,45.77000045776367,2472.5400390625,9.359999656677246,46.42000045776367,45.3970006942749,46.790000915527344,46.540000915527344,2467.914013671875,2440.995495605469,2473.449951171875,2459.27001953125,9.687999916076661,10.489999961853027,9.579999923706056,9.510000228881836,1
584,2017-07-24,46.34000015258789,2469.909912109375,9.43000030517578,46.48400039672852,45.563500785827635,45.77000045776367,46.02000045776367,2470.068017578125,2442.5759887695312,2472.5400390625,2459.139892578125,9.610000038146973,10.460499954223632,9.359999656677246,9.81999969482422,1
585,2017-07-25,47.88999938964844,2477.1298828125,9.43000030517578,46.78199996948242,45.7890007019043,46.34000015258789,46.400001525878906,2473.37197265625,2444.4789794921876,2469.909912109375,2460.610107421875,9.518000030517577,10.436999988555907,9.43000030517578,9.890000343322754,1
586,2017-07-26,48.75,2477.830078125,9.600000381469728,47.10800018310547,46.01450061798096,47.88999938964844,47.119998931884766,2474.17197265625,2447.4014892578125,2477.1298828125,2473.830078125,9.480000114440918,10.36399998664856,9.43000030517578,9.789999961853027,1
587,2017-07-27,49.040000915527344,2475.419921875,10.109999656677246,47.55800018310547,46.22950057983398,48.75,46.790000915527344,2474.565966796875,2449.13798828125,2477.830078125,2473.449951171875,9.586000061035156,10.367999982833862,9.600000381469728,9.579999923706056,1
588,2017-07-28,49.709999084472656,2472.10009765625,10.289999961853027,48.34599990844727,46.46850051879883,49.040000915527344,45.77000045776367,2474.477978515625,2451.7579956054688,2475.419921875,2472.5400390625,9.772000122070313,10.310500001907348,10.109999656677246,9.359999656677246,1
589,2017-07-31,50.16999816894531,2470.300048828125,10.260000228881836,49.11199951171875,46.67500038146973,49.709999084472656,46.34000015258789,2474.556005859375,2454.102502441406,2472.10009765625,2469.909912109375,9.938000106811524,10.264499998092651,10.289999961853027,9.43000030517578,0
590,2017-08-01,49.15999984741211,2476.35009765625,10.09000015258789,49.36599960327148,46.77950038909912,50.16999816894531,47.88999938964844,2474.400048828125,2456.4695068359374,2470.300048828125,2477.1298828125,10.070000076293946,10.207999992370606,10.260000228881836,9.43000030517578,1
591,2017-08-02,49.59000015258789,2477.570068359375,10.279999732971191,49.533999633789065,47.00250034332275,49.15999984741211,48.75,2474.348046875,2458.7210083007812,2476.35009765625,2477.830078125,10.205999946594238,10.168499994277955,10.09000015258789,9.600000381469728,0
592,2017-08-03,49.02999877929688,2472.159912109375,10.4399995803833,49.53199920654297,47.17800025939941,49.59000015258789,49.040000915527344,2473.696044921875,2461.84150390625,2477.570068359375,2475.419921875,10.271999931335449,10.063499975204468,10.279999732971191,10.109999656677246,1
593,2017-08-04,49.58000183105469,2476.830078125,10.029999732971191,49.50599975585938,47.44550037384033,49.02999877929688,49.709999084472656,2474.642041015625,2464.4240112304688,2472.159912109375,2472.10009765625,10.219999885559082,10.005499982833863,10.4399995803833,10.289999961853027,0
594,2017-08-07,49.38999938964844,2480.909912109375,9.93000030517578,49.35,47.69500026702881,49.58000183105469,50.16999816894531,2476.764013671875,2467.098010253906,2476.830078125,2470.300048828125,10.15399990081787,9.946500015258788,10.029999732971191,10.260000228881836,0
595,2017-08-08,49.16999816894531,2474.919921875,10.960000038146973,49.35199966430664,47.901500129699706,49.38999938964844,49.15999984741211,2476.477978515625,2469.5675048828125,2480.909912109375,2476.35009765625,10.327999877929688,9.95,9.93000030517578,10.09000015258789,1
596,2017-08-09,49.560001373291016,2474.02001953125,11.109999656677246,49.34599990844727,48.10500011444092,49.16999816894531,49.59000015258789,2475.76796875,2471.106005859375,2474.919921875,2477.570068359375,10.493999862670899,9.99049997329712,10.960000038146973,10.279999732971191,0
597,2017-08-10,48.59000015258789,2438.2099609375,16.040000915527344,49.258000183105466,48.230500030517575,49.560001373291016,49.02999877929688,2468.977978515625,2470.625,2474.02001953125,2472.159912109375,11.614000129699708,10.297500038146973,11.109999656677246,10.4399995803833,1
598,2017-08-11,48.81999969482422,2441.320068359375,15.510000228881836,49.10599975585937,48.34449996948242,48.59000015258789,49.58000183105469,2461.8759765625,2469.727502441406,2438.2099609375,2476.830078125,12.710000228881835,10.597500038146972,16.040000915527344,10.029999732971191,0
599,2017-08-14,47.59000015258789,2465.840087890625,12.329999923706056,48.74599990844727,48.422999954223634,48.81999969482422,49.38999938964844,2458.86201171875,2470.0625122070314,2441.320068359375,2480.909912109375,13.19000015258789,10.723000049591064,15.510000228881836,9.93000030517578,0
600,2017-08-15,47.54999923706055,2464.610107421875,12.039999961853027,48.422000122070315,48.480499839782716,47.59000015258789,49.16999816894531,2456.800048828125,2470.2625122070312,2465.840087890625,2474.919921875,13.406000137329102,10.830500030517578,12.329999923706056,10.960000038146973,0
601,2017-08-16,46.77999877929688,2468.110107421875,11.739999771118164,47.86599960327149,48.46349983215332,47.54999923706055,49.560001373291016,2455.61806640625,2469.976513671875,2464.610107421875,2474.02001953125,13.532000160217285,10.928000020980836,12.039999961853027,11.109999656677246,1
602,2017-08-17,47.09000015258789,2430.010009765625,15.550000190734863,47.565999603271486,48.478499794006346,46.77999877929688,48.59000015258789,2453.978076171875,2467.8045166015627,2468.110107421875,2438.2099609375,13.434000015258789,11.226500034332275,11.739999771118164,16.040000915527344,1
603,2017-08-18,48.5099983215332,2425.550048828125,14.260000228881836,47.50399932861328,48.61549968719483,47.09000015258789,48.81999969482422,2450.824072265625,2465.4550170898438,2430.010009765625,2441.320068359375,13.184000015258789,11.471500062942505,15.550000190734863,15.510000228881836,0
604,2017-08-21,47.369998931884766,2428.3701171875,13.1899995803833,47.459999084472656,48.666999626159665,48.5099983215332,47.59000015258789,2443.330078125,2463.37802734375,2425.550048828125,2465.840087890625,13.355999946594238,11.659500026702881,14.260000228881836,12.329999923706056,1
605,2017-08-22,47.63999938964844,2452.510009765625,11.350000381469728,47.47799911499023,48.65449962615967,47.369998931884766,47.54999923706055,2440.91005859375,2462.1470336914062,2428.3701171875,2464.610107421875,13.218000030517578,11.755500030517577,13.1899995803833,12.039999961853027,1
606,2017-08-23,48.40999984741211,2444.0400390625,12.25,47.80399932861328,48.63749961853027,47.63999938964844,46.77999877929688,2436.096044921875,2460.4575317382814,2452.510009765625,2468.110107421875,13.320000076293946,11.888000011444092,11.350000381469728,11.739999771118164,0
607,2017-08-24,47.43000030517578,2438.969970703125,12.229999542236328,47.87199935913086,48.556999588012694,48.40999984741211,47.09000015258789,2437.888037109375,2458.6350341796874,2444.0400390625,2430.010009765625,12.655999946594239,11.994000005722047,12.25,15.550000190734863,1
608,2017-08-25,47.869998931884766,2443.050048828125,11.279999732971191,47.74399948120117,48.4649995803833,47.43000030517578,48.5099983215332,2441.388037109375,2457.1825317382813,2438.969970703125,2425.550048828125,12.05999984741211,12.043499994277955,12.229999542236328,14.260000228881836,0
609,2017-08-28,46.56999969482422,2444.239990234375,11.31999969482422,47.58399963378906,48.28499965667724,47.869998931884766,47.369998931884766,2444.56201171875,2455.879528808594,2443.050048828125,2428.3701171875,11.685999870300295,12.096499967575074,11.279999732971191,13.1899995803833,0
610,2017-08-29,46.43999862670898,2446.300048828125,11.699999809265137,47.34399948120117,48.14899959564209,46.56999969482422,47.63999938964844,2443.32001953125,2454.3770263671877,2444.239990234375,2452.510009765625,11.755999755859374,12.176999950408936,11.31999969482422,11.350000381469728,0
611,2017-08-30,45.959999084472656,2457.590087890625,11.220000267028809,46.853999328613284,47.967499542236325,46.43999862670898,48.40999984741211,2446.030029296875,2453.37802734375,2446.300048828125,2444.0400390625,11.549999809265136,12.223999977111816,11.699999809265137,12.25,1
612,2017-08-31,47.22999954223633,2471.64990234375,10.59000015258789,46.81399917602539,47.8774995803833,45.959999084472656,47.43000030517578,2452.566015625,2453.3525268554686,2457.590087890625,2438.969970703125,11.22199993133545,12.231500005722046,11.220000267028809,12.229999542236328,1
613,2017-09-01,47.290000915527344,2476.550048828125,10.130000114440918,46.69799957275391,47.762999534606934,47.22999954223633,47.869998931884766,2459.266015625,2453.338525390625,2471.64990234375,2443.050048828125,10.992000007629395,12.236500024795532,10.59000015258789,11.279999732971191,1
614,2017-09-05,48.65999984741211,2457.85009765625,12.229999542236328,47.11599960327148,47.72649955749512,47.290000915527344,46.56999969482422,2461.988037109375,2452.1855346679686,2476.550048828125,2444.239990234375,11.173999977111816,12.351499986648559,10.130000114440918,11.31999969482422,1
615,2017-09-06,49.15999984741211,2465.5400390625,11.630000114440918,47.65999984741211,47.725999641418454,48.65999984741211,46.43999862670898,2465.83603515625,2451.7165405273436,2457.85009765625,2446.300048828125,11.160000038146972,12.384999990463257,12.229999542236328,11.699999809265137,0
616,2017-09-07,49.09000015258789,2465.10009765625,11.550000190734863,48.28600006103515,47.702499580383304,49.15999984741211,45.959999084472656,2467.338037109375,2451.270544433594,2465.5400390625,2457.590087890625,11.226000022888183,12.407000017166137,11.630000114440918,11.220000267028809,0
617,2017-09-08,47.47999954223633,2461.429931640625,12.119999885559082,48.33600006103516,47.646999549865725,49.09000015258789,47.22999954223633,2465.29404296875,2452.43154296875,2465.10009765625,2471.64990234375,11.531999969482422,12.210999965667725,11.550000190734863,10.59000015258789,1
618,2017-09-11,48.06999969482422,2488.110107421875,10.729999542236328,48.491999816894534,47.609499549865724,47.47999954223633,47.290000915527344,2467.6060546875,2454.771044921875,2461.429931640625,2476.550048828125,11.651999855041504,11.97199993133545,12.119999885559082,10.130000114440918,1
619,2017-09-12,48.22999954223633,2496.47998046875,10.579999923706056,48.405999755859376,47.641499519348145,48.06999969482422,48.65999984741211,2475.33203125,2456.3030395507812,2488.110107421875,2457.85009765625,11.32199993133545,11.88449993133545,10.729999542236328,12.229999542236328,1
620,2017-09-13,49.29999923706055,2498.3701171875,10.5,48.433999633789064,47.72899951934814,48.22999954223633,49.15999984741211,2481.898046875,2457.9910400390627,2496.47998046875,2465.5400390625,11.095999908447265,11.807499933242799,10.579999923706056,11.630000114440918,1
621,2017-09-14,49.88999938964844,2495.6201171875,10.4399995803833,48.59399948120117,47.88449954986572,49.29999923706055,49.09000015258789,2488.00205078125,2459.3665405273437,2498.3701171875,2465.10009765625,10.873999786376952,11.742499923706054,10.5,11.550000190734863,0
622,2017-09-15,49.88999938964844,2500.22998046875,10.170000076293944,49.0759994506836,48.02449951171875,49.88999938964844,47.47999954223633,2495.762060546875,2462.8775390625,2495.6201171875,2461.429931640625,10.483999824523925,11.47349991798401,10.4399995803833,12.119999885559082,1
623,2017-09-18,49.90999984741211,2503.8701171875,10.149999618530272,49.443999481201175,48.094499588012695,49.88999938964844,48.06999969482422,2498.9140625,2466.7935424804687,2500.22998046875,2488.110107421875,10.367999839782716,11.26799988746643,10.170000076293944,10.729999542236328,0
624,2017-09-19,49.47999954223633,2506.64990234375,10.18000030517578,49.693999481201175,48.19999961853027,49.90999984741211,48.22999954223633,2500.948046875,2470.7075317382814,2503.8701171875,2496.47998046875,10.287999916076659,11.117499923706054,10.149999618530272,10.579999923706056,1
625,2017-09-20,50.40999984741211,2508.239990234375,9.779999732971191,49.91599960327149,48.33849964141846,49.47999954223633,49.29999923706055,2502.922021484375,2473.494030761719,2506.64990234375,2498.3701171875,10.143999862670897,11.038999891281128,10.18000030517578,10.5,1
626,2017-09-21,50.54999923706055,2500.60009765625,9.670000076293944,50.04799957275391,48.44549961090088,50.40999984741211,49.88999938964844,2503.918017578125,2476.3220336914064,2508.239990234375,2495.6201171875,9.989999961853027,10.909999895095826,9.779999732971191,10.4399995803833,1
627,2017-09-22,50.65999984741211,2502.219970703125,9.59000015258789,50.20199966430664,48.6069995880127,50.54999923706055,49.88999938964844,2504.316015625,2479.4845336914063,2500.60009765625,2500.22998046875,9.873999977111815,10.777999925613404,9.670000076293944,10.170000076293944,1
628,2017-09-25,52.220001220703125,2496.659912109375,10.210000038146973,50.66399993896484,48.824499702453615,50.65999984741211,49.90999984741211,2502.873974609375,2482.1650268554686,2502.219970703125,2503.8701171875,9.886000061035157,10.724499940872192,9.59000015258789,10.149999618530272,0
629,2017-09-26,51.880001068115234,2496.840087890625,10.170000076293944,51.14400024414063,49.089999771118165,52.220001220703125,49.47999954223633,2500.91201171875,2484.795031738281,2496.659912109375,2506.64990234375,9.884000015258788,10.666999959945679,10.210000038146973,10.18000030517578,1
630,2017-09-27,52.13999938964844,2507.0400390625,9.869999885559082,51.49000015258789,49.374999809265134,51.880001068115234,50.40999984741211,2500.672021484375,2487.83203125,2496.840087890625,2508.239990234375,9.902000045776367,10.575499963760375,10.170000076293944,9.779999732971191,0
631,2017-09-28,51.560001373291016,2510.06005859375,9.550000190734863,51.69200057983399,49.65499992370606,52.13999938964844,50.54999923706055,2502.564013671875,2490.455529785156,2507.0400390625,2500.60009765625,9.878000068664551,10.491999959945678,9.869999885559082,9.670000076293944,1
632,2017-09-29,51.66999816894531,2519.360107421875,9.510000228881836,51.89400024414063,49.876999855041504,51.560001373291016,50.65999984741211,2505.992041015625,2492.8410400390626,2510.06005859375,2502.219970703125,9.86200008392334,10.437999963760376,9.550000190734863,9.59000015258789,0
633,2017-10-02,50.58000183105469,2529.1201171875,9.449999809265137,51.566000366210936,50.04149990081787,51.66999816894531,52.220001220703125,2512.48408203125,2495.4695434570312,2519.360107421875,2496.659912109375,9.710000038146973,10.403999948501587,9.510000228881836,10.210000038146973,0
634,2017-10-03,50.41999816894531,2534.580078125,9.510000228881836,51.273999786376955,50.12949981689453,50.58000183105469,51.880001068115234,2520.032080078125,2499.306042480469,2529.1201171875,2496.840087890625,9.57800006866455,10.267999982833862,9.449999809265137,10.170000076293944,0
635,2017-10-04,49.97999954223633,2537.739990234375,9.630000114440918,50.84199981689453,50.17049980163574,50.41999816894531,52.13999938964844,2526.1720703125,2502.9160400390624,2534.580078125,2507.0400390625,9.530000114440918,10.167999982833862,9.510000228881836,9.869999885559082,1
636,2017-10-05,50.790000915527344,2552.070068359375,9.1899995803833,50.6879997253418,50.255499839782715,49.97999954223633,51.560001373291016,2534.574072265625,2507.264538574219,2537.739990234375,2510.06005859375,9.457999992370606,10.049999952316284,9.630000114440918,9.550000190734863,0
637,2017-10-06,49.290000915527344,2549.330078125,9.649999618530272,50.2120002746582,50.34599990844727,50.790000915527344,51.66999816894531,2540.56806640625,2511.6595458984375,2552.070068359375,2519.360107421875,9.485999870300294,9.926499938964843,9.1899995803833,9.510000228881836,1
638,2017-10-09,49.58000183105469,2544.72998046875,10.329999923706056,50.012000274658206,50.421500015258786,49.290000915527344,50.58000183105469,2543.6900390625,2514.4905395507812,2549.330078125,2529.1201171875,9.661999893188476,9.90649995803833,9.649999618530272,9.449999809265137,1
639,2017-10-10,50.91999816894531,2550.639892578125,10.079999923706056,50.1120002746582,50.55599994659424,49.58000183105469,50.41999816894531,2546.902001953125,2517.19853515625,2544.72998046875,2534.580078125,9.775999832153321,9.88149995803833,10.329999923706056,9.510000228881836,1
640,2017-10-11,51.29999923706055,2555.239990234375,9.850000381469728,50.376000213623044,50.655999946594235,50.91999816894531,49.97999954223633,2550.402001953125,2520.042028808594,2550.639892578125,2537.739990234375,9.819999885559081,9.848999977111816,10.079999923706056,9.630000114440918,0
641,2017-10-12,50.59999847412109,2550.929931640625,9.90999984741211,50.33799972534179,50.691499900817874,51.29999923706055,50.790000915527344,2550.173974609375,2522.80751953125,2555.239990234375,2552.070068359375,9.963999938964843,9.822499990463257,9.850000381469728,9.1899995803833,1
642,2017-10-13,51.45000076293945,2553.169921875,9.609999656677246,50.76999969482422,50.769499969482425,50.59999847412109,49.290000915527344,2550.941943359375,2525.4545166015623,2550.929931640625,2549.330078125,9.955999946594238,9.794499969482422,9.90999984741211,9.649999618530272,1
643,2017-10-16,51.869998931884766,2557.639892578125,9.90999984741211,51.22799911499023,50.867499923706056,51.45000076293945,49.58000183105469,2553.52392578125,2528.1430053710938,2553.169921875,2544.72998046875,9.871999931335449,9.782499980926513,9.609999656677246,10.329999923706056,1
644,2017-10-17,51.880001068115234,2559.360107421875,10.3100004196167,51.41999969482422,50.9875,51.869998931884766,50.91999816894531,2555.26796875,2530.778515625,2557.639892578125,2550.639892578125,9.918000030517579,9.788999986648559,9.90999984741211,10.079999923706056,1
645,2017-10-18,52.040000915527344,2561.260009765625,10.06999969482422,51.56800003051758,51.06900005340576,51.880001068115234,51.29999923706055,2556.47197265625,2533.4295166015627,2559.360107421875,2555.239990234375,9.961999893188477,9.803499984741212,10.3100004196167,9.850000381469728,0
646,2017-10-19,51.290000915527344,2562.10009765625,10.050000190734863,51.70600051879883,51.106000137329104,52.040000915527344,50.59999847412109,2558.706005859375,2536.5045166015625,2561.260009765625,2550.929931640625,9.989999961853027,9.822499990463257,10.06999969482422,9.90999984741211,1
647,2017-10-20,51.470001220703125,2575.2099609375,9.970000267028809,51.710000610351564,51.146500205993654,51.290000915527344,51.45000076293945,2563.114013671875,2540.154016113281,2562.10009765625,2553.169921875,10.06200008392334,9.841499996185302,10.050000190734863,9.609999656677246,1
648,2017-10-23,51.900001525878906,2564.97998046875,11.06999969482422,51.71600112915039,51.13050022125244,51.470001220703125,51.869998931884766,2564.58203125,2543.57001953125,2575.2099609375,2557.639892578125,10.294000053405764,9.884499979019164,9.970000267028809,9.90999984741211,1
649,2017-10-24,52.470001220703125,2569.1298828125,11.15999984741211,51.83400115966797,51.160000228881835,51.900001525878906,51.880001068115234,2566.535986328125,2547.1845092773438,2564.97998046875,2559.360107421875,10.463999938964845,9.933999967575073,11.06999969482422,10.3100004196167,0
650,2017-10-25,52.18000030517578,2557.14990234375,11.229999542236328,51.86200103759766,51.162000274658205,52.470001220703125,52.040000915527344,2565.71396484375,2549.6900024414062,2569.1298828125,2561.260009765625,10.695999908447266,10.001999950408935,11.15999984741211,10.06999969482422,1
651,2017-10-26,52.63999938964844,2560.39990234375,11.300000190734863,52.13200073242187,51.216000175476076,52.18000030517578,51.290000915527344,2565.37392578125,2552.206994628906,2557.14990234375,2562.10009765625,10.945999908447266,10.089499950408936,11.229999542236328,10.050000190734863,1
652,2017-10-27,53.900001525878906,2581.070068359375,9.800000190734863,52.61800079345703,51.327500343322754,52.63999938964844,51.470001220703125,2566.545947265625,2555.2924926757814,2560.39990234375,2575.2099609375,10.911999893188476,10.103999948501587,11.300000190734863,9.970000267028809,1
653,2017-10-30,54.150001525878906,2572.830078125,10.5,53.06800079345703,51.50600032806396,53.900001525878906,51.900001525878906,2568.115966796875,2557.477990722656,2581.070068359375,2564.97998046875,10.797999954223632,10.15649995803833,9.800000190734863,11.06999969482422,1
654,2017-10-31,54.380001068115234,2575.260009765625,10.18000030517578,53.45000076293945,51.70400047302246,54.150001525878906,52.470001220703125,2569.3419921875,2559.5119873046874,2572.830078125,2569.1298828125,10.602000045776368,10.189999961853028,10.5,11.15999984741211,0
655,2017-11-01,54.29999923706055,2579.360107421875,10.199999809265137,53.874000549316406,51.92000045776367,54.380001068115234,52.18000030517578,2573.784033203125,2561.5929931640626,2575.260009765625,2557.14990234375,10.396000099182128,10.218499946594239,10.18000030517578,11.229999542236328,1
656,2017-11-02,54.540000915527344,2579.85009765625,9.93000030517578,54.25400085449219,52.10750045776367,54.29999923706055,52.63999938964844,2577.674072265625,2562.9819946289062,2579.360107421875,2560.39990234375,10.122000122070311,10.255499982833863,10.199999809265137,11.300000190734863,1
657,2017-11-03,55.63999938964844,2587.840087890625,9.140000343322754,54.6020004272461,52.42500038146973,54.540000915527344,53.900001525878906,2579.028076171875,2564.9074951171874,2579.85009765625,2581.070068359375,9.99000015258789,10.230000019073486,9.93000030517578,9.800000190734863,1
658,2017-11-06,57.34999847412109,2591.1298828125,9.399999618530272,55.241999816894534,52.813500213623044,55.63999938964844,54.150001525878906,2582.688037109375,2567.227490234375,2587.840087890625,2572.830078125,9.770000076293943,10.183500003814697,9.140000343322754,10.5,0
659,2017-11-07,57.20000076293945,2590.639892578125,9.890000343322754,55.805999755859375,53.12750034332275,57.34999847412109,54.380001068115234,2585.764013671875,2569.227490234375,2591.1298828125,2575.260009765625,9.71200008392334,10.174000024795532,9.399999618530272,10.18000030517578,0
660,2017-11-08,56.810001373291016,2594.3798828125,9.779999732971191,56.30800018310547,53.40300045013428,57.20000076293945,54.29999923706055,2588.76796875,2571.1844848632813,2590.639892578125,2579.360107421875,9.628000068664551,10.170499992370605,9.890000343322754,10.199999809265137,1
661,2017-11-09,57.16999816894531,2584.6201171875,10.5,56.83399963378906,53.731500434875485,56.810001373291016,54.540000915527344,2589.72197265625,2572.868994140625,2594.3798828125,2579.85009765625,9.742000007629395,10.2,9.779999732971191,9.93000030517578,0
662,2017-11-10,56.7400016784668,2582.300048828125,11.289999961853027,57.05400009155274,53.99600048065186,57.16999816894531,55.63999938964844,2588.61396484375,2574.3255004882812,2584.6201171875,2587.840087890625,10.17199993133545,10.284000015258789,10.5,9.140000343322754,1
663,2017-11-13,56.7599983215332,2584.840087890625,11.5,56.93600006103516,54.24050045013428,56.7400016784668,57.34999847412109,2587.356005859375,2575.685510253906,2582.300048828125,2591.1298828125,10.592000007629395,10.363500022888184,11.289999961853027,9.399999618530272,0
664,2017-11-14,55.70000076293945,2578.8701171875,11.59000015258789,56.636000061035155,54.43150043487549,56.7599983215332,57.20000076293945,2585.00205078125,2576.6610107421875,2584.840087890625,2590.639892578125,10.931999969482423,10.427500009536743,11.5,9.890000343322754,0
665,2017-11-15,55.33000183105469,2564.6201171875,13.130000114440918,56.34000015258789,54.59600048065185,55.70000076293945,56.810001373291016,2579.05009765625,2576.8290161132813,2578.8701171875,2594.3798828125,11.602000045776368,10.580500030517578,11.59000015258789,9.779999732971191,0
666,2017-11-16,55.13999938964844,2585.639892578125,11.760000228881836,55.934000396728514,54.78850040435791,55.33000183105469,57.16999816894531,2579.254052734375,2578.006005859375,2564.6201171875,2584.6201171875,11.854000091552734,10.666000032424927,13.130000114440918,10.5,1
667,2017-11-17,56.54999923706055,2578.85009765625,11.43000030517578,55.895999908447266,55.04250030517578,55.13999938964844,56.7400016784668,2578.5640625,2578.1880126953124,2585.639892578125,2582.300048828125,11.882000160217284,10.739000034332275,11.760000228881836,11.289999961853027,0
668,2017-11-20,56.09000015258789,2582.139892578125,10.649999618530272,55.762000274658206,55.25200023651123,56.54999923706055,56.7599983215332,2578.0240234375,2579.046008300781,2578.85009765625,2584.840087890625,11.71200008392334,10.718000030517578,11.43000030517578,11.5,1
669,2017-11-21,56.83000183105469,2599.030029296875,9.729999542236328,55.98800048828125,55.47000026702881,56.09000015258789,55.70000076293945,2582.056005859375,2580.541015625,2582.139892578125,2578.8701171875,11.339999961853028,10.64650001525879,10.649999618530272,11.59000015258789,1
670,2017-11-22,58.02000045776367,2597.080078125,9.880000114440918,56.52600021362305,55.762000274658206,56.83000183105469,55.33000183105469,2588.547998046875,2582.5375244140623,2599.030029296875,2564.6201171875,10.689999961853028,10.57900004386902,9.729999542236328,13.130000114440918,1
671,2017-11-24,58.95000076293945,2602.419921875,9.670000076293944,57.28800048828125,56.077500343322754,58.02000045776367,55.13999938964844,2591.90400390625,2584.638525390625,2597.080078125,2585.639892578125,10.271999931335447,10.497500038146972,9.880000114440918,11.760000228881836,0
672,2017-11-27,58.11000061035156,2601.419921875,9.869999885559082,57.60000076293945,56.28800029754639,58.95000076293945,56.54999923706055,2596.41796875,2585.6560180664064,2602.419921875,2578.85009765625,9.959999847412108,10.501000022888183,9.670000076293944,11.43000030517578,0
673,2017-11-28,57.9900016784668,2627.0400390625,10.029999732971191,57.980001068115236,56.48000030517578,58.11000061035156,56.09000015258789,2605.397998046875,2588.3665161132812,2601.419921875,2582.139892578125,9.835999870300293,10.477500009536744,9.869999885559082,10.649999618530272,0
674,2017-11-29,57.29999923706055,2626.070068359375,10.699999809265137,58.07400054931641,56.626000213623044,57.9900016784668,56.83000183105469,2610.806005859375,2590.907019042969,2627.0400390625,2599.030029296875,10.029999923706054,10.503499984741211,10.029999732971191,9.729999542236328,1
675,2017-11-30,57.400001525878906,2647.580078125,11.279999732971191,57.95000076293945,56.78100032806397,57.29999923706055,58.02000045776367,2620.906005859375,2594.318017578125,2626.070068359375,2597.080078125,10.30999984741211,10.557499980926513,10.699999809265137,9.880000114440918,0
