,Date,oil,spy,vix,oil_ma_5,oil_ma_20,oil_lag_1,oil_lag_5,spy_ma_5,spy_ma_20,spy_lag_1,spy_lag_5,vix_ma_5,vix_ma_20,vix_lag_1,vix_lag_5,target
0,2018-01-30,64.5,2822.429931640625,14.789999961853027,65.46399993896485,63.605500030517575,65.55999755859375,64.47000122070312,2845.1240234375,2788.1035034179686,2853.530029296875,2839.1298828125,12.552000045776367,10.9385000705719,13.84000015258789,11.100000381469728,1
1,2018-01-31,64.7300033569336,2823.81005859375,13.539999961853027,65.28800048828126,63.82350025177002,64.5,65.61000061035156,2842.37802734375,2794.5035034179687,2822.429931640625,2837.5400390625,12.965999984741211,11.127000045776366,14.789999961853027,11.470000267028809,1
2,2018-02-01,65.80000305175781,2821.97998046875,13.470000267028809,65.34600067138672,64.03200035095215,64.7300033569336,65.51000213623047,2838.9240234375,2799.949499511719,2823.81005859375,2839.25,13.344000053405761,11.343000078201294,13.539999961853027,11.579999923706056,0
3,2018-02-02,65.44999694824219,2762.1298828125,17.309999465942383,65.20800018310547,64.2040002822876,65.80000305175781,66.13999938964844,2816.7759765625,2801.856494140625,2821.97998046875,2872.8701171875,14.589999961853028,11.747500038146972,13.470000267028809,11.079999923706056,0
4,2018-02-05,64.1500015258789,2648.93994140625,37.31999969482422,64.9260009765625,64.3395004272461,65.44999694824219,65.55999755859375,2775.857958984375,2797.14599609375,2762.1298828125,2853.530029296875,19.285999870300294,13.152500009536743,17.309999465942383,13.84000015258789,0
5,2018-02-06,63.38999938964844,2695.139892578125,29.979999542236328,64.7040008544922,64.4225004196167,64.1500015258789,64.5,2750.399951171875,2794.5174926757813,2648.93994140625,2822.429931640625,22.32399978637695,14.175499963760377,37.31999969482422,14.789999961853027,0
6,2018-02-07,61.790000915527344,2681.659912109375,27.729999542236328,64.11600036621094,64.36400051116944,63.38999938964844,64.7300033569336,2721.969921875,2791.035986328125,2695.139892578125,2823.81005859375,25.161999702453613,15.05799994468689,29.979999542236328,13.539999961853027,0
7,2018-02-08,61.150001525878906,2581.0,33.459999084472656,63.18600006103516,64.24300060272216,61.790000915527344,65.80000305175781,2673.77392578125,2782.6744873046873,2681.659912109375,2821.97998046875,29.159999465942384,16.23999991416931,27.729999542236328,13.470000267028809,0
8,2018-02-09,59.20000076293945,2619.550048828125,29.059999465942383,61.93600082397461,64.01300067901612,61.150001525878906,65.44999694824219,2645.257958984375,2775.2739868164062,2581.0,2762.1298828125,31.509999465942382,17.198999881744385,33.459999084472656,17.309999465942383,1
9,2018-02-12,59.290000915527344,2656.0,25.61000061035156,60.9640007019043,63.76250057220459,59.20000076293945,64.1500015258789,2646.669970703125,2768.7619873046874,2619.550048828125,2648.93994140625,29.16799964904785,17.971499919891357,29.059999465942383,37.31999969482422,0
10,2018-02-13,59.18999862670898,2662.93994140625,24.96999931335449,60.124000549316406,63.53550052642822,59.290000915527344,63.38999938964844,2640.22998046875,2763.08798828125,2656.0,2695.139892578125,28.165999603271484,18.636999893188477,25.61000061035156,29.979999542236328,1
11,2018-02-14,60.59999847412109,2698.6298828125,19.26000022888184,59.886000061035155,63.36700038909912,59.18999862670898,61.790000915527344,2643.623974609375,2757.8914794921875,2662.93994140625,2681.659912109375,26.471999740600587,19.004499912261963,24.96999931335449,27.729999542236328,1
12,2018-02-15,61.34000015258789,2731.199951171875,19.1299991607666,59.92399978637695,63.236500358581544,60.59999847412109,61.150001525878906,2673.66396484375,2754.5499755859373,2698.6298828125,2581.0,23.605999755859376,19.349999856948852,19.26000022888184,33.459999084472656,1
13,2018-02-16,61.68000030517578,2732.219970703125,19.459999084472656,60.41999969482422,63.152000427246094,61.34000015258789,59.20000076293945,2696.19794921875,2750.6459716796876,2731.199951171875,2619.550048828125,21.68599967956543,19.7594997882843,19.1299991607666,29.059999465942383,1
14,2018-02-20,61.900001525878906,2716.260009765625,20.600000381469727,60.94199981689453,63.0725004196167,61.68000030517578,59.290000915527344,2708.249951171875,2744.8104736328123,2732.219970703125,2656.0,20.683999633789064,20.237999820709227,19.459999084472656,25.61000061035156,0
15,2018-02-21,61.68000030517578,2701.330078125,20.020000457763672,61.44000015258789,62.93300037384033,61.900001525878906,59.18999862670898,2715.927978515625,2737.9204833984377,2716.260009765625,2662.93994140625,19.6939998626709,20.683999824523926,20.600000381469727,24.96999931335449,1
16,2018-02-22,62.77000045776367,2703.9599609375,18.71999931335449,61.874000549316406,62.79100036621094,61.68000030517578,60.59999847412109,2716.993994140625,2731.2414794921874,2701.330078125,2698.6298828125,19.58599967956543,21.04649977684021,20.020000457763672,19.26000022888184,1
17,2018-02-23,63.54999923706055,2747.300048828125,16.489999771118164,62.316000366210936,62.69300022125244,62.77000045776367,61.34000015258789,2720.214013671875,2726.6439819335938,2703.9599609375,2731.199951171875,19.05799980163574,21.291999769210815,18.71999931335449,19.1299991607666,1
18,2018-02-26,63.90999984741211,2779.60009765625,15.800000190734863,62.762000274658206,62.58150024414063,63.54999923706055,61.68000030517578,2729.6900390625,2721.9804809570314,2747.300048828125,2732.219970703125,18.326000022888184,21.527999782562254,16.489999771118164,19.459999084472656,0
19,2018-02-27,63.0099983215332,2744.280029296875,18.59000015258789,62.98399963378906,62.454000282287595,63.90999984741211,61.900001525878906,2735.29404296875,2716.5179809570313,2779.60009765625,2716.260009765625,17.923999977111816,21.765499782562255,15.800000190734863,20.600000381469727,0
20,2018-02-28,61.63999938964844,2713.830078125,19.850000381469727,62.975999450683595,62.31100025177002,63.0099983215332,61.68000030517578,2737.79404296875,2711.08798828125,2744.280029296875,2701.330078125,17.88999996185303,22.01849980354309,18.59000015258789,20.020000457763672,0
21,2018-03-01,60.9900016784668,2677.669921875,22.46999931335449,62.619999694824216,62.12400016784668,61.63999938964844,62.77000045776367,2732.53603515625,2703.7809814453126,2713.830078125,2703.9599609375,18.639999961853025,22.464999771118165,19.850000381469727,18.71999931335449,1
22,2018-03-02,61.25,2691.25,19.59000015258789,62.15999984741211,61.89650001525879,60.9900016784668,63.54999923706055,2721.326025390625,2697.244482421875,2677.669921875,2747.300048828125,19.260000038146973,22.77099976539612,22.46999931335449,16.489999771118164,1
23,2018-03-05,62.56999969482422,2720.93994140625,18.729999542236328,61.89199981689453,61.75250015258789,61.25,63.90999984741211,2709.593994140625,2695.1849853515623,2691.25,2779.60009765625,19.845999908447265,22.841999769210815,19.59000015258789,15.800000190734863,1
24,2018-03-06,62.59999847412109,2728.1201171875,18.36000061035156,61.80999984741211,61.675,62.56999969482422,63.0099983215332,2706.36201171875,2699.143994140625,2720.93994140625,2744.280029296875,19.8,21.893999814987183,18.729999542236328,18.59000015258789,0
25,2018-03-07,61.150001525878906,2726.800048828125,17.760000228881836,61.7120002746582,61.56300010681152,62.59999847412109,61.63999938964844,2708.956005859375,2700.727001953125,2728.1201171875,2713.830078125,19.381999969482422,21.28299984931946,18.36000061035156,19.850000381469727,0
26,2018-03-08,60.119998931884766,2738.969970703125,16.540000915527344,61.5379997253418,61.4795000076294,61.150001525878906,60.9900016784668,2721.216015625,2703.5925048828126,2726.800048828125,2677.669921875,18.19600028991699,20.723499917984007,17.760000228881836,22.46999931335449,1
27,2018-03-09,62.040000915527344,2786.570068359375,14.640000343322754,61.69599990844726,61.523999977111814,60.119998931884766,61.25,2740.280029296875,2713.8710083007813,2738.969970703125,2691.25,17.206000328063965,19.782499980926513,16.540000915527344,19.59000015258789,0
28,2018-03-12,61.36000061035156,2783.02001953125,15.779999732971191,61.454000091552736,61.63199996948242,62.040000915527344,62.56999969482422,2752.696044921875,2722.0445068359377,2786.570068359375,2720.93994140625,16.616000366210937,19.118499994277954,14.640000343322754,18.729999542236328,0
29,2018-03-13,60.709999084472656,2765.31005859375,16.350000381469727,61.07600021362305,61.702999877929685,61.36000061035156,62.59999847412109,2760.134033203125,2727.510009765625,2783.02001953125,2728.1201171875,16.21400032043457,18.655499982833863,15.779999732971191,18.36000061035156,1
30,2018-03-14,60.959999084472656,2749.47998046875,17.229999542236328,61.0379997253418,61.79149990081787,60.709999084472656,61.150001525878906,2764.67001953125,2731.83701171875,2765.31005859375,2726.800048828125,16.108000183105467,18.268499994277953,16.350000381469727,17.760000228881836,1
31,2018-03-15,61.18999862670898,2747.330078125,16.59000015258789,61.25199966430664,61.82099990844726,60.959999084472656,60.119998931884766,2766.342041015625,2734.272021484375,2749.47998046875,2738.969970703125,16.118000030517578,18.134999990463257,17.229999542236328,16.540000915527344,1
32,2018-03-16,62.34000015258789,2752.010009765625,15.800000190734863,61.31199951171875,61.87099990844727,61.18999862670898,62.040000915527344,2759.430029296875,2735.3125244140624,2747.330078125,2786.570068359375,16.35,17.96850004196167,16.59000015258789,14.640000343322754,0
33,2018-03-19,62.060001373291016,2712.919921875,19.020000457763672,61.45199966430664,61.88999996185303,62.34000015258789,61.36000061035156,2745.410009765625,2734.347521972656,2752.010009765625,2783.02001953125,16.998000144958496,17.94650011062622,15.800000190734863,15.779999732971191,1
34,2018-03-20,63.400001525878906,2716.93994140625,18.200000762939453,61.99000015258789,61.964999961853025,62.060001373291016,60.709999084472656,2735.735986328125,2734.3815185546873,2712.919921875,2765.31005859375,17.36800022125244,17.826500129699706,19.020000457763672,16.350000381469727,1
35,2018-03-21,65.16999816894531,2711.929931640625,17.860000610351562,62.831999969482425,62.13949985504151,63.400001525878906,60.959999084472656,2728.2259765625,2734.911511230469,2716.93994140625,2749.47998046875,17.49400043487549,17.7185001373291,18.200000762939453,17.229999542236328,0
36,2018-03-22,64.30000305175781,2643.68994140625,23.34000015258789,63.454000854492186,62.21599998474121,65.16999816894531,61.18999862670898,2707.49794921875,2731.8980102539062,2711.929931640625,2747.330078125,18.84400043487549,17.949500179290773,17.860000610351562,16.59000015258789,1
37,2018-03-23,65.87999725341797,2588.260009765625,24.8700008392334,64.1620002746582,62.33249988555908,64.30000305175781,62.34000015258789,2674.74794921875,2723.946008300781,2643.68994140625,2752.010009765625,20.658000564575197,18.368500232696533,23.34000015258789,15.800000190734863,0
38,2018-03-26,65.55000305175781,2658.550048828125,21.030000686645508,64.86000061035156,62.414500045776364,65.87999725341797,62.060001373291016,2663.873974609375,2717.893505859375,2588.260009765625,2712.919921875,21.060000610351562,18.630000257492064,24.8700008392334,19.020000457763672,0
39,2018-03-27,65.25,2612.6201171875,22.5,65.23000030517578,62.526500129699706,65.55000305175781,63.400001525878906,2643.010009765625,2711.310510253906,2658.550048828125,2716.93994140625,21.92000045776367,18.82550024986267,21.030000686645508,18.200000762939453,0
40,2018-03-28,64.37999725341797,2605.0,22.8700008392334,65.0720001220703,62.663500022888186,65.25,65.16999816894531,2621.6240234375,2705.869006347656,2612.6201171875,2711.929931640625,22.92200050354004,18.976500272750854,22.5,17.860000610351562,1
41,2018-03-29,64.94000244140625,2640.8701171875,19.96999931335449,65.2,62.861000061035156,64.37999725341797,64.30000305175781,2621.06005859375,2704.029016113281,2605.0,2643.68994140625,22.24800033569336,18.851500272750854,22.8700008392334,23.34000015258789,0
42,2018-04-02,63.0099983215332,2581.8798828125,23.6200008392334,64.62600021362304,62.94899997711182,64.94000244140625,65.87999725341797,2619.784033203125,2698.560510253906,2640.8701171875,2588.260009765625,21.99800033569336,19.05300030708313,19.96999931335449,24.8700008392334,1
43,2018-04-03,63.5099983215332,2614.449951171875,21.100000381469727,64.21799926757812,62.99599990844727,63.0099983215332,65.55000305175781,2610.964013671875,2693.2360107421873,2581.8798828125,2658.550048828125,22.012000274658202,19.1715003490448,23.6200008392334,21.030000686645508,0
44,2018-04-04,63.369998931884766,2644.68994140625,20.059999465942383,63.84199905395508,63.034499931335446,63.5099983215332,65.25,2617.377978515625,2689.064501953125,2614.449951171875,2612.6201171875,21.52400016784668,19.25650029182434,21.100000381469727,22.5,1
45,2018-04-05,63.540000915527344,2662.840087890625,18.940000534057617,63.67399978637695,63.15399990081787,63.369998931884766,64.37999725341797,2628.94599609375,2685.86650390625,2644.68994140625,2605.0,20.738000106811523,19.31550030708313,20.059999465942383,22.8700008392334,0
46,2018-04-06,62.060001373291016,2604.469970703125,21.489999771118164,63.097999572753906,63.251000022888185,63.540000915527344,64.94000244140625,2621.665966796875,2679.14150390625,2662.840087890625,2640.8701171875,21.042000198364256,19.56300024986267,18.940000534057617,19.96999931335449,1
47,2018-04-09,63.41999816894531,2613.159912109375,21.770000457763672,63.17999954223633,63.319999885559085,62.060001373291016,63.0099983215332,2627.92197265625,2670.47099609375,2604.469970703125,2581.8798828125,20.672000122070312,19.919500255584715,21.489999771118164,23.6200008392334,1
48,2018-04-10,65.51000213623047,2656.8701171875,20.46999931335449,63.58000030517578,63.527499961853025,63.41999816894531,63.5099983215332,2636.406005859375,2664.1635009765623,2613.159912109375,2614.449951171875,20.545999908447264,20.15400023460388,21.770000457763672,21.100000381469727,1
49,2018-04-11,66.81999969482422,2642.18994140625,20.239999771118164,64.27000045776367,63.8329999923706,65.51000213623047,63.369998931884766,2635.906005859375,2658.0074951171873,2656.8701171875,2644.68994140625,20.58199996948242,20.348500204086303,20.46999931335449,20.059999465942383,1
50,2018-04-12,67.06999969482422,2663.989990234375,18.489999771118164,64.97600021362305,64.13850002288818,66.81999969482422,63.540000915527344,2636.135986328125,2653.7329956054687,2642.18994140625,2662.840087890625,20.49199981689453,20.411500215530396,20.239999771118164,18.940000534057617,1
51,2018-04-13,67.38999938964844,2656.300048828125,17.40999984741211,66.04199981689453,64.44850006103516,67.06999969482422,62.060001373291016,2646.502001953125,2649.181494140625,2663.989990234375,2604.469970703125,19.67599983215332,20.452500200271608,18.489999771118164,21.489999771118164,0
52,2018-04-16,66.22000122070312,2677.840087890625,16.559999465942383,66.6020004272461,64.64250011444092,67.38999938964844,63.41999816894531,2659.438037109375,2645.472998046875,2656.300048828125,2613.159912109375,18.633999633789063,20.49050016403198,17.40999984741211,21.770000457763672,1
53,2018-04-17,66.5199966430664,2706.389892578125,15.25,66.80399932861329,64.8654998779297,66.22000122070312,65.51000213623047,2669.3419921875,2645.1464965820314,2677.840087890625,2656.8701171875,17.589999771118165,20.3020001411438,16.559999465942383,20.46999931335449,1
54,2018-04-18,68.47000122070312,2708.639892578125,15.600000381469728,67.13399963378906,65.1189998626709,66.5199966430664,66.81999969482422,2682.631982421875,2644.731494140625,2706.389892578125,2642.18994140625,16.661999893188476,20.172000122070312,15.25,20.239999771118164,0
55,2018-04-19,68.29000091552734,2693.1298828125,15.960000038146973,67.37799987792968,65.275,68.47000122070312,67.06999969482422,2688.4599609375,2643.7914916992186,2708.639892578125,2663.989990234375,16.15599994659424,20.077000093460082,15.600000381469728,18.489999771118164,1
56,2018-04-20,68.37999725341797,2670.139892578125,16.8799991607666,67.5759994506836,65.478999710083,68.29000091552734,67.38999938964844,2691.2279296875,2645.1139892578126,2693.1298828125,2656.300048828125,16.049999809265138,19.75400004386902,15.960000038146973,17.40999984741211,1
57,2018-04-23,68.63999938964844,2670.2900390625,16.34000015258789,68.05999908447265,65.61699981689453,68.37999725341797,66.22000122070312,2689.717919921875,2649.2154907226563,2670.139892578125,2677.840087890625,16.005999946594237,19.32750000953674,16.8799991607666,16.559999465942383,0
58,2018-04-24,67.69999694824219,2634.56005859375,18.020000457763672,68.2959991455078,65.72449951171875,68.63999938964844,66.5199966430664,2675.351953125,2648.0159912109375,2670.2900390625,2706.389892578125,16.560000038146974,19.17699999809265,16.34000015258789,15.25,1
59,2018-04-25,68.05000305175781,2639.39990234375,17.84000015258789,68.21199951171874,65.86449966430663,67.69999694824219,68.47000122070312,2661.503955078125,2649.35498046875,2634.56005859375,2708.639892578125,17.007999992370607,18.944000005722046,18.020000457763672,15.600000381469728,1
60,2018-04-26,68.19000244140625,2666.93994140625,16.239999771118164,68.19199981689454,66.05499992370605,68.05000305175781,68.29000091552734,2656.265966796875,2652.4519775390627,2639.39990234375,2693.1298828125,17.063999938964844,18.612499952316284,17.84000015258789,15.960000038146973,0
61,2018-04-27,68.0999984741211,2669.909912109375,15.40999984741211,68.13600006103516,66.2129997253418,68.19000244140625,68.37999725341797,2656.219970703125,2653.9039672851563,2666.93994140625,2670.139892578125,16.770000076293947,18.384499979019164,16.239999771118164,16.8799991607666,1
62,2018-04-30,68.56999969482422,2648.050048828125,15.93000030517578,68.12200012207032,66.49099979400634,68.0999984741211,68.63999938964844,2651.77197265625,2657.2124755859377,2669.909912109375,2670.2900390625,16.688000106811522,17.999999952316283,15.40999984741211,16.34000015258789,0
63,2018-05-01,67.25,2654.800048828125,15.489999771118164,68.03200073242188,66.6779998779297,68.56999969482422,67.69999694824219,2655.819970703125,2659.22998046875,2648.050048828125,2634.56005859375,16.181999969482423,17.719499921798707,15.93000030517578,18.020000457763672,1
64,2018-05-02,67.93000030517578,2635.669921875,15.970000267028809,68.00800018310547,66.90599994659424,67.25,68.05000305175781,2655.073974609375,2658.7789794921873,2654.800048828125,2639.39990234375,15.807999992370606,17.51499996185303,15.489999771118164,17.84000015258789,1
65,2018-05-03,68.43000030517578,2629.72998046875,15.899999618530272,68.05599975585938,67.15049991607665,67.93000030517578,68.19000244140625,2647.631982421875,2657.1234741210938,2635.669921875,2666.93994140625,15.739999961853027,17.36299991607666,15.970000267028809,16.239999771118164,1
66,2018-05-04,69.72000122070312,2663.419921875,14.770000457763672,68.38000030517578,67.53349990844727,68.43000030517578,68.0999984741211,2646.333984375,2660.0709716796873,2629.72998046875,2669.909912109375,15.61200008392334,17.026999950408936,15.899999618530272,15.40999984741211,1
67,2018-05-07,70.7300033569336,2672.6298828125,14.75,68.81200103759765,67.89900016784668,69.72000122070312,68.56999969482422,2651.249951171875,2663.044470214844,2663.419921875,2648.050048828125,15.376000022888183,16.675999927520753,14.770000457763672,15.93000030517578,0
68,2018-05-08,69.05999755859375,2671.919921875,14.710000038146973,69.1740005493164,68.07649993896484,70.7300033569336,67.25,2654.67392578125,2663.7969604492187,2672.6298828125,2654.800048828125,15.220000076293946,16.387999963760375,14.75,15.489999771118164,1
69,2018-05-09,71.13999938964844,2697.7900390625,13.420000076293944,69.81600036621094,68.29249992370606,69.05999755859375,67.93000030517578,2667.09794921875,2666.5769653320312,2671.919921875,2635.669921875,14.710000038146973,16.046999979019166,14.710000038146973,15.970000267028809,1
70,2018-05-10,71.36000061035156,2723.070068359375,13.229999542236328,70.4020004272461,68.50699996948242,71.13999938964844,68.43000030517578,2685.765966796875,2669.530969238281,2697.7900390625,2629.72998046875,14.176000022888184,15.783999967575074,13.420000076293944,15.899999618530272,0
71,2018-05-11,70.69999694824219,2727.719970703125,12.649999618530272,70.5979995727539,68.67249984741211,71.36000061035156,69.72000122070312,2698.6259765625,2673.1019653320313,2723.070068359375,2663.419921875,13.751999855041504,15.54599995613098,13.229999542236328,14.770000457763672,1
72,2018-05-14,70.95999908447266,2730.1298828125,12.93000030517578,70.64399871826171,68.90949974060058,70.69999694824219,70.7300033569336,2710.1259765625,2675.716455078125,2727.719970703125,2672.6298828125,13.387999916076657,15.36449999809265,12.649999618530272,14.75,1
73,2018-05-15,71.30999755859375,2711.449951171875,14.630000114440918,71.09399871826172,69.14899978637695,70.95999908447266,69.05999755859375,2718.031982421875,2675.9694580078126,2730.1298828125,2671.919921875,13.371999931335447,15.333500003814697,12.93000030517578,14.710000038146973,1
74,2018-05-16,71.48999786376953,2722.4599609375,13.420000076293944,71.16399841308593,69.29999961853028,71.30999755859375,71.13999938964844,2722.965966796875,2676.6604614257812,2711.449951171875,2697.7900390625,13.371999931335449,15.224499988555909,14.630000114440918,13.420000076293944,0
75,2018-05-17,71.48999786376953,2720.1298828125,13.43000030517578,71.18999786376953,69.45999946594239,71.48999786376953,71.36000061035156,2722.3779296875,2678.010461425781,2722.4599609375,2723.070068359375,13.41200008392334,15.098000001907348,13.420000076293944,13.229999542236328,0
76,2018-05-18,71.27999877929688,2712.969970703125,13.420000076293944,71.30599822998047,69.60499954223633,71.48999786376953,70.69999694824219,2719.4279296875,2680.151965332031,2720.1298828125,2727.719970703125,13.566000175476074,14.925000047683715,13.43000030517578,12.649999618530272,1
77,2018-05-21,72.23999786376953,2733.010009765625,13.079999923706056,71.56199798583984,69.78499946594238,71.27999877929688,70.95999908447266,2720.003955078125,2683.2879638671875,2712.969970703125,2730.1298828125,13.59600009918213,14.762000036239623,13.420000076293944,12.93000030517578,0
78,2018-05-22,72.12999725341797,2724.43994140625,13.220000267028809,71.72599792480469,70.00649948120117,72.23999786376953,71.30999755859375,2722.601953125,2687.7819580078126,2733.010009765625,2711.449951171875,13.314000129699707,14.52200002670288,13.079999923706056,14.630000114440918,0
79,2018-05-23,71.83999633789062,2733.2900390625,12.579999923706056,71.7959976196289,70.19599914550781,72.12999725341797,71.48999786376953,2724.76796875,2692.47646484375,2724.43994140625,2722.4599609375,13.146000099182128,14.259000015258788,13.220000267028809,13.420000076293944,0
80,2018-05-24,70.70999908447266,2727.760009765625,12.529999732971191,71.63999786376954,70.32199897766114,71.83999633789062,71.48999786376953,2726.293994140625,2695.517468261719,2733.2900390625,2720.1298828125,12.965999984741211,14.07350001335144,12.579999923706056,13.43000030517578,0
81,2018-05-25,67.87999725341797,2721.330078125,13.220000267028809,70.95999755859376,70.31099891662598,70.70999908447266,71.27999877929688,2727.966015625,2698.0884765625,2727.760009765625,2712.969970703125,12.926000022888184,13.964000034332276,12.529999732971191,13.420000076293944,0
82,2018-05-29,66.7300033569336,2689.860107421875,17.020000457763672,69.85799865722656,70.21899909973145,67.87999725341797,72.23999786376953,2719.33603515625,2700.1789794921874,2721.330078125,2733.010009765625,13.714000129699707,14.01850004196167,13.220000267028809,13.079999923706056,1
83,2018-05-30,68.20999908447266,2724.010009765625,14.9399995803833,69.0739990234375,70.26699905395508,66.7300033569336,72.12999725341797,2719.250048828125,2703.6394775390627,2689.860107421875,2724.43994140625,14.057999992370606,13.991000032424926,17.020000457763672,13.220000267028809,0
84,2018-05-31,67.04000091552734,2705.27001953125,15.43000030517578,68.11399993896484,70.22249908447266,68.20999908447266,71.83999633789062,2713.646044921875,2707.119482421875,2724.010009765625,2733.2900390625,14.628000068664551,13.964000034332276,14.9399995803833,12.579999923706056,0
85,2018-06-01,65.80999755859375,2734.6201171875,13.460000038146973,67.13399963378906,70.09149894714355,67.04000091552734,70.70999908447266,2715.01806640625,2712.3639892578126,2705.27001953125,2727.760009765625,14.814000129699707,13.842000055313111,15.43000030517578,12.529999732971191,0
86,2018-06-04,64.75,2746.8701171875,12.739999771118164,66.50800018310547,69.8429988861084,65.80999755859375,67.87999725341797,2720.12607421875,2716.5364990234375,2734.6201171875,2721.330078125,14.718000030517578,13.740500020980836,13.460000038146973,13.220000267028809,1
87,2018-06-05,65.5199966430664,2748.800048828125,12.399999618530272,66.26599884033203,69.58249855041504,64.75,66.7300033569336,2731.9140625,2720.345007324219,2746.8701171875,2689.860107421875,13.793999862670898,13.623000001907348,12.739999771118164,17.020000457763672,0
88,2018-06-06,64.7300033569336,2772.35009765625,11.640000343322754,65.56999969482422,69.36599884033203,65.5199966430664,68.20999908447266,2741.582080078125,2725.3665161132812,2748.800048828125,2724.010009765625,13.134000015258788,13.469500017166137,12.399999618530272,14.9399995803833,1
89,2018-06-07,65.94999694824219,2770.3701171875,12.130000114440918,65.35199890136718,69.10649871826172,64.7300033569336,67.04000091552734,2754.602099609375,2728.9955200195313,2772.35009765625,2705.27001953125,12.473999977111816,13.405000019073487,11.640000343322754,15.43000030517578,0
90,2018-06-08,65.73999786376953,2779.030029296875,12.18000030517578,65.33799896240234,68.82549858093262,65.94999694824219,65.80999755859375,2763.48408203125,2731.7935180664062,2770.3701171875,2734.6201171875,12.218000030517578,13.352500057220459,12.130000114440918,13.460000038146973,1
91,2018-06-11,66.0999984741211,2782.0,12.350000381469728,65.60799865722656,68.59549865722656,65.73999786376953,64.75,2770.51005859375,2734.50751953125,2779.030029296875,2746.8701171875,12.140000152587891,13.337500095367432,12.18000030517578,12.739999771118164,1
92,2018-06-12,66.36000061035156,2786.85009765625,12.34000015258789,65.7759994506836,68.36549873352051,66.0999984741211,65.5199966430664,2778.120068359375,2737.3435302734374,2782.0,2748.800048828125,12.128000259399414,13.308000087738037,12.350000381469728,12.399999618530272,1
93,2018-06-13,66.63999938964844,2775.6298828125,12.9399995803833,66.15799865722656,68.13199882507324,66.36000061035156,64.7300033569336,2778.776025390625,2740.552526855469,2786.85009765625,2772.35009765625,12.388000106811523,13.223500061035157,12.34000015258789,11.640000343322754,1
94,2018-06-14,66.88999938964844,2782.489990234375,12.119999885559082,66.34599914550782,67.9019989013672,66.63999938964844,65.94999694824219,2781.2,2743.5540283203127,2775.6298828125,2770.3701171875,12.386000061035157,13.158500051498413,12.9399995803833,12.130000114440918,0
95,2018-06-15,65.05999755859375,2779.659912109375,11.979999542236328,66.20999908447266,67.5804988861084,66.88999938964844,65.73999786376953,2781.3259765625,2746.5305297851564,2782.489990234375,2779.030029296875,12.345999908447265,13.086000013351441,12.119999885559082,12.18000030517578,1
96,2018-06-18,65.8499984741211,2773.75,12.3100004196167,66.15999908447266,67.3089988708496,65.05999755859375,66.0999984741211,2779.6759765625,2749.56953125,2779.659912109375,2782.0,12.33799991607666,13.030500030517578,11.979999542236328,12.350000381469728,0
97,2018-06-19,65.06999969482422,2762.590087890625,13.350000381469728,65.9019989013672,66.95049896240235,65.8499984741211,66.36000061035156,2774.823974609375,2751.04853515625,2773.75,2786.85009765625,12.539999961853027,13.044000053405762,12.3100004196167,12.34000015258789,1
98,2018-06-20,66.22000122070312,2767.320068359375,12.789999961853027,65.81799926757813,66.65499916076661,65.06999969482422,66.63999938964844,2773.16201171875,2753.1925415039063,2762.590087890625,2775.6298828125,12.510000038146973,13.022500038146973,13.350000381469728,12.9399995803833,0
99,2018-06-21,65.54000091552734,2749.760009765625,14.640000343322754,65.54799957275391,66.33999938964844,66.22000122070312,66.88999938964844,2766.616015625,2754.0160400390623,2767.320068359375,2782.489990234375,13.014000129699706,13.125500059127807,12.789999961853027,12.119999885559082,1
100,2018-06-22,68.58000183105469,2754.8798828125,13.770000457763672,66.25200042724609,66.23349952697754,65.54000091552734,65.05999755859375,2761.660009765625,2755.372033691406,2749.760009765625,2779.659912109375,13.372000312805175,13.187500095367431,14.640000343322754,11.979999542236328,0
101,2018-06-25,68.08000183105469,2717.070068359375,17.329999923706055,66.69800109863282,66.24349975585938,68.58000183105469,65.8499984741211,2750.3240234375,2755.159033203125,2754.8798828125,2773.75,14.376000213623048,13.393000078201293,13.770000457763672,12.3100004196167,1
102,2018-06-26,70.52999877929688,2723.06005859375,15.920000076293944,67.79000091552734,66.43349952697754,68.08000183105469,65.06999969482422,2742.418017578125,2756.8190307617188,2717.070068359375,2762.590087890625,14.890000152587891,13.338000059127808,17.329999923706055,13.350000381469728,1
103,2018-06-27,72.76000213623047,2699.6298828125,17.90999984741211,69.0980010986328,66.66099967956544,70.52999877929688,66.22000122070312,2728.87998046875,2755.6000244140623,2723.06005859375,2767.320068359375,15.914000129699707,13.486500072479249,15.920000076293944,12.789999961853027,1
104,2018-06-28,73.44999694824219,2716.31005859375,16.850000381469727,70.68000030517578,66.98149948120117,72.76000213623047,65.54000091552734,2722.189990234375,2756.1520263671873,2699.6298828125,2749.760009765625,16.3560001373291,13.557500076293945,17.90999984741211,14.640000343322754,1
105,2018-06-29,74.1500015258789,2718.3701171875,16.09000015258789,71.79400024414062,67.39849967956543,73.44999694824219,68.58000183105469,2714.888037109375,2755.3395263671873,2716.31005859375,2754.8798828125,16.820000076293944,13.68900008201599,16.850000381469727,13.770000457763672,0
106,2018-07-02,73.94000244140625,2726.7099609375,15.600000381469728,72.96600036621093,67.85799980163574,74.1500015258789,68.08000183105469,2716.816015625,2754.3315185546876,2718.3701171875,2717.070068359375,16.47400016784668,13.832000112533569,16.09000015258789,17.329999923706055,1
107,2018-07-03,74.13999938964844,2713.219970703125,16.139999389648438,73.68800048828125,68.28899993896485,73.94000244140625,70.52999877929688,2714.847998046875,2752.5525146484374,2726.7099609375,2723.06005859375,16.518000030517577,14.019000101089478,15.600000381469728,15.920000076293944,0
108,2018-07-05,72.94000244140625,2736.610107421875,14.970000267028809,73.7240005493164,68.69949989318847,74.13999938964844,72.76000213623047,2722.24404296875,2750.765515136719,2713.219970703125,2699.6298828125,15.930000114440919,14.18550009727478,16.139999389648438,17.90999984741211,1
109,2018-07-06,73.80000305175781,2759.820068359375,13.369999885559082,73.79400177001953,69.09200019836426,72.94000244140625,73.44999694824219,2730.946044921875,2750.2380126953126,2736.610107421875,2716.31005859375,15.23400001525879,14.247500085830689,14.970000267028809,16.850000381469727,1
110,2018-07-09,73.8499984741211,2784.169921875,12.6899995803833,73.73400115966797,69.49750022888183,73.80000305175781,74.1500015258789,2744.106005859375,2750.495007324219,2759.820068359375,2718.3701171875,14.553999900817871,14.273000049591065,13.369999885559082,16.09000015258789,1
111,2018-07-10,74.11000061035156,2793.840087890625,12.640000343322754,73.76800079345703,69.89800033569335,73.8499984741211,73.94000244140625,2757.53203125,2751.08701171875,2784.169921875,2726.7099609375,13.961999893188477,14.287500047683716,12.6899995803833,15.600000381469728,0
112,2018-07-11,70.37999725341797,2774.02001953125,13.630000114440918,73.01600036621093,70.09900016784668,74.11000061035156,74.13999938964844,2769.692041015625,2750.4455078125,2793.840087890625,2713.219970703125,13.460000038146973,14.352000045776368,12.640000343322754,16.139999389648438,0
113,2018-07-12,70.33000183105469,2798.2900390625,12.579999923706056,72.49400024414062,70.28350028991699,70.37999725341797,72.94000244140625,2782.02802734375,2751.578515625,2774.02001953125,2736.610107421875,12.981999969482422,14.334000062942504,13.630000114440918,14.970000267028809,1
114,2018-07-13,71.01000213623047,2801.31005859375,12.18000030517578,71.93600006103516,70.4895004272461,70.33000183105469,73.80000305175781,2790.326025390625,2752.5195190429686,2798.2900390625,2759.820068359375,12.744000053405761,14.33700008392334,12.579999923706056,13.369999885559082,0
115,2018-07-16,68.05999755859375,2798.429931640625,12.829999923706056,70.77799987792969,70.63950042724609,71.01000213623047,73.8499984741211,2793.17802734375,2753.4580200195314,2801.31005859375,2784.169921875,12.772000122070313,14.379500102996825,12.18000030517578,12.6899995803833,1
116,2018-07-17,68.08000183105469,2809.550048828125,12.0600004196167,69.5720001220703,70.75100059509278,68.05999755859375,74.11000061035156,2796.32001953125,2755.2480224609376,2798.429931640625,2793.840087890625,12.656000137329102,14.367000102996826,12.829999923706056,12.640000343322754,1
117,2018-07-18,68.76000213623047,2815.6201171875,12.100000381469728,69.24800109863281,70.93550071716308,68.08000183105469,70.37999725341797,2804.6400390625,2757.899523925781,2809.550048828125,2774.02001953125,12.350000190734864,14.304500102996826,12.0600004196167,13.630000114440918,1
118,2018-07-19,69.45999908447266,2804.489990234375,12.869999885559082,69.07400054931641,71.09750061035156,68.76000213623047,70.33000183105469,2805.880029296875,2759.758020019531,2815.6201171875,2798.2900390625,12.408000183105468,14.30850009918213,12.100000381469728,12.579999923706056,1
119,2018-07-20,70.45999908447266,2801.830078125,12.859999656677246,68.96399993896485,71.34350051879883,69.45999908447266,71.01000213623047,2805.984033203125,2762.3615234375,2804.489990234375,2801.31005859375,12.544000053405762,14.219500064849854,12.869999885559082,12.18000030517578,0
120,2018-07-23,67.88999938964844,2806.97998046875,12.619999885559082,68.93000030517578,71.30900039672852,70.45999908447266,68.05999755859375,2807.69404296875,2764.9665283203126,2801.830078125,2798.429931640625,12.502000045776366,14.162000036239624,12.859999656677246,12.829999923706056,1
121,2018-07-24,68.5199966430664,2820.39990234375,12.40999984741211,69.01799926757812,71.3310001373291,67.88999938964844,68.08000183105469,2809.864013671875,2770.133020019531,2806.97998046875,2809.550048828125,12.57199993133545,13.916000032424927,12.619999885559082,12.0600004196167,1
122,2018-07-25,69.30000305175781,2846.070068359375,12.289999961853027,69.1259994506836,71.26950035095214,68.5199966430664,68.76000213623047,2815.95400390625,2776.2835205078127,2820.39990234375,2815.6201171875,12.609999847412109,13.73450002670288,12.40999984741211,12.100000381469728,1
123,2018-07-26,69.61000061035156,2837.43994140625,12.140000343322754,69.15599975585937,71.1120002746582,69.30000305175781,69.45999908447266,2822.543994140625,2783.1740234375,2846.070068359375,2804.489990234375,12.463999938964843,13.446000051498412,12.289999961853027,12.869999885559082,0
124,2018-07-27,68.69000244140625,2818.820068359375,13.029999732971191,68.8020004272461,70.8740005493164,69.61000061035156,70.45999908447266,2825.9419921875,2788.299523925781,2837.43994140625,2801.830078125,12.497999954223634,13.255000019073487,12.140000343322754,12.859999656677246,1
125,2018-07-30,70.12999725341797,2802.60009765625,14.260000228881836,69.25,70.67300033569336,68.69000244140625,67.88999938964844,2825.066015625,2792.511022949219,2818.820068359375,2806.97998046875,12.826000022888184,13.163500022888183,13.029999732971191,12.619999885559082,0
126,2018-07-31,68.76000213623047,2816.2900390625,12.829999923706056,69.29800109863281,70.41400032043457,70.12999725341797,68.5199966430664,2824.24404296875,2796.990026855469,2802.60009765625,2820.39990234375,12.910000038146972,13.025,14.260000228881836,12.40999984741211,0
127,2018-08-01,67.66000366210938,2813.360107421875,13.149999618530272,68.97000122070312,70.09000053405762,68.76000213623047,69.30000305175781,2817.70205078125,2801.997033691406,2816.2900390625,2846.070068359375,13.081999969482421,12.875500011444093,12.829999923706056,12.289999961853027,1
128,2018-08-02,68.95999908447266,2827.219970703125,12.1899995803833,68.84000091552734,69.89100036621093,67.66000366210938,69.61000061035156,2815.658056640625,2806.5275268554688,2813.360107421875,2837.43994140625,13.091999816894532,12.736499977111816,13.149999618530272,12.140000343322754,0
129,2018-08-03,68.48999786376953,2840.35009765625,11.640000343322754,68.8,69.62550010681153,68.95999908447266,68.69000244140625,2819.9640625,2810.5540283203127,2827.219970703125,2818.820068359375,12.813999938964844,12.65,12.1899995803833,13.029999732971191,1
130,2018-08-06,69.01000213623047,2850.39990234375,11.270000457763672,68.5760009765625,69.383500289917,68.48999786376953,70.12999725341797,2829.5240234375,2813.86552734375,2840.35009765625,2802.60009765625,12.215999984741211,12.57900004386902,11.640000343322754,14.260000228881836,1
131,2018-08-07,69.16999816894531,2858.449951171875,10.93000030517578,68.65800018310547,69.13650016784668,69.01000213623047,68.76000213623047,2837.956005859375,2817.0960205078127,2850.39990234375,2816.2900390625,11.836000061035154,12.49350004196167,11.270000457763672,12.829999923706056,0
132,2018-08-08,66.94000244140625,2857.699951171875,10.850000381469728,68.51399993896484,68.9645004272461,69.16999816894531,67.66000366210938,2846.823974609375,2821.2800170898436,2858.449951171875,2813.360107421875,11.376000213623048,12.35450005531311,10.93000030517578,13.149999618530272,0
133,2018-08-09,66.80999755859375,2853.580078125,11.270000457763672,68.08399963378906,68.78850021362305,66.94000244140625,68.95999908447266,2852.09599609375,2824.0445190429687,2857.699951171875,2827.219970703125,11.192000389099121,12.289000082015992,10.850000381469728,12.1899995803833,1
134,2018-08-10,67.62999725341797,2833.280029296875,13.15999984741211,67.91199951171875,68.61949996948242,66.80999755859375,68.48999786376953,2850.681982421875,2825.643017578125,2853.580078125,2840.35009765625,11.496000289916992,12.338000059127808,11.270000457763672,11.640000343322754,0
135,2018-08-13,67.19999694824219,2821.929931640625,14.779999732971191,67.5499984741211,68.57649993896484,67.62999725341797,69.01000213623047,2844.98798828125,2826.818017578125,2833.280029296875,2850.39990234375,12.198000144958495,12.435500049591065,13.15999984741211,11.270000457763672,0
136,2018-08-14,67.04000091552734,2839.9599609375,13.3100004196167,67.1239990234375,68.52449989318848,67.19999694824219,69.16999816894531,2841.289990234375,2828.338513183594,2821.929931640625,2858.449951171875,12.67400016784668,12.498000049591065,14.779999732971191,10.93000030517578,0
137,2018-08-15,65.01000213623047,2818.3701171875,14.640000343322754,66.73799896240234,68.33699989318848,67.04000091552734,66.94000244140625,2833.4240234375,2828.4760131835938,2839.9599609375,2857.699951171875,13.432000160217285,12.625000047683717,13.3100004196167,10.850000381469728,1
138,2018-08-16,65.45999908447266,2840.68994140625,13.449999809265137,66.46799926757812,68.13699989318847,65.01000213623047,66.80999755859375,2830.84599609375,2830.2860107421875,2818.3701171875,2853.580078125,13.868000030517578,12.654000043869019,14.640000343322754,11.270000457763672,1
139,2018-08-17,65.91000366210938,2850.1298828125,12.640000343322754,66.1240005493164,67.90950012207031,65.45999908447266,67.62999725341797,2834.215966796875,2832.7010009765627,2840.68994140625,2833.280029296875,13.764000129699706,12.643000078201293,13.449999809265137,13.15999984741211,1
140,2018-08-20,66.43000030517578,2857.050048828125,12.489999771118164,65.97000122070312,67.83650016784668,65.91000366210938,67.19999694824219,2841.239990234375,2835.2045043945313,2850.1298828125,2821.929931640625,13.306000137329102,12.636500072479247,12.640000343322754,14.779999732971191,1
141,2018-08-21,67.3499984741211,2862.9599609375,12.859999656677246,66.03200073242188,67.77800025939942,66.43000030517578,67.04000091552734,2845.839990234375,2837.3325073242186,2857.050048828125,2839.9599609375,13.215999984741211,12.659000062942505,12.489999771118164,13.3100004196167,1
142,2018-08-22,67.86000061035156,2861.820068359375,12.25,66.6020004272461,67.7060001373291,67.3499984741211,65.01000213623047,2854.52998046875,2838.120007324219,2862.9599609375,2818.3701171875,12.73799991607666,12.657000064849854,12.859999656677246,14.640000343322754,0
143,2018-08-23,67.83000183105469,2856.97998046875,12.40999984741211,67.0760009765625,67.61700019836425,67.86000061035156,65.45999908447266,2857.78798828125,2839.0970092773437,2861.820068359375,2840.68994140625,12.529999923706054,12.670500040054321,12.25,13.449999809265137,1
144,2018-08-24,68.72000122070312,2874.68994140625,11.989999771118164,67.63800048828125,67.61850013732911,67.83000183105469,65.91000366210938,2862.7,2841.8905029296875,2856.97998046875,2850.1298828125,12.399999809265136,12.61850004196167,12.40999984741211,12.640000343322754,1
145,2018-08-27,68.87000274658203,2896.739990234375,12.15999984741211,68.1260009765625,67.55550041198731,68.72000122070312,66.43000030517578,2870.63798828125,2846.5974975585937,2874.68994140625,2857.050048828125,12.333999824523925,12.513500022888184,11.989999771118164,12.489999771118164,0
146,2018-08-28,68.52999877929688,2897.52001953125,12.5,68.36200103759765,67.54400024414062,68.87000274658203,67.3499984741211,2877.55,2850.6589965820312,2896.739990234375,2862.9599609375,12.261999893188477,12.497000026702882,12.15999984741211,12.859999656677246,1
147,2018-08-29,69.51000213623047,2914.0400390625,12.25,68.69200134277344,67.63650016784668,68.52999877929688,67.86000061035156,2887.993994140625,2855.6929931640625,2897.52001953125,2861.820068359375,12.261999893188477,12.452000045776368,12.5,12.25,1
148,2018-08-30,70.25,2901.1298828125,13.529999732971191,69.1760009765625,67.70100021362305,69.51000213623047,67.83000183105469,2896.823974609375,2859.3884887695312,2914.0400390625,2856.97998046875,12.485999870300294,12.519000053405762,12.25,12.40999984741211,0
149,2018-08-31,69.80000305175781,2901.52001953125,12.859999656677246,69.39200134277344,67.76650047302246,70.25,68.72000122070312,2902.189990234375,2862.446984863281,2901.1298828125,2874.68994140625,12.65999984741211,12.580000019073486,13.529999732971191,11.989999771118164,1
150,2018-09-04,69.87000274658203,2896.719970703125,13.15999984741211,69.59200134277344,67.80950050354004,69.80000305175781,68.87000274658203,2902.185986328125,2864.76298828125,2901.52001953125,2896.739990234375,12.859999847412109,12.674499988555908,12.859999656677246,12.15999984741211,0
151,2018-09-05,68.72000122070312,2888.60009765625,13.90999984741211,69.63000183105468,67.78700065612793,69.87000274658203,68.52999877929688,2900.402001953125,2866.2704956054686,2896.719970703125,2897.52001953125,13.141999816894531,12.823499965667725,13.15999984741211,12.5,0
152,2018-09-06,67.7699966430664,2878.050048828125,14.649999618530272,69.28200073242188,67.82850036621093,68.72000122070312,69.51000213623047,2893.20400390625,2867.2880004882813,2888.60009765625,2914.0400390625,13.621999740600586,13.013499927520751,13.90999984741211,12.25,0
153,2018-09-07,67.75,2871.679931640625,14.880000114440918,68.78200073242188,67.87550048828125,67.7699966430664,70.25,2887.314013671875,2868.1929931640625,2878.050048828125,2901.1298828125,13.891999816894531,13.193999910354615,14.649999618530272,13.529999732971191,0
154,2018-09-10,67.54000091552734,2877.1298828125,14.15999984741211,68.33000030517579,67.87100067138672,67.75,69.80000305175781,2882.435986328125,2870.3854858398436,2871.679931640625,2901.52001953125,14.151999855041504,13.243999910354614,14.880000114440918,12.859999656677246,1
155,2018-09-11,69.25,2887.889892578125,13.220000267028809,68.20599975585938,67.9735008239746,67.54000091552734,69.87000274658203,2880.669970703125,2873.683483886719,2877.1298828125,2896.719970703125,14.163999938964844,13.165999937057496,14.15999984741211,13.15999984741211,1
156,2018-09-12,70.37000274658203,2888.919921875,13.140000343322754,68.53600006103515,68.14000091552734,69.25,68.72000122070312,2880.733935546875,2876.131481933594,2887.889892578125,2888.60009765625,14.010000038146973,13.157499933242798,13.220000267028809,13.90999984741211,0
157,2018-09-13,68.58999633789062,2904.179931640625,12.369999885559082,68.7,68.31900062561036,70.37000274658203,67.7699966430664,2885.959912109375,2880.42197265625,2888.919921875,2878.050048828125,13.554000091552734,13.043999910354614,13.140000343322754,14.649999618530272,1
158,2018-09-14,68.98999786376953,2904.97998046875,12.06999969482422,68.9479995727539,68.4955005645752,68.58999633789062,67.75,2892.619921875,2883.636474609375,2904.179931640625,2871.679931640625,12.992000007629395,12.974999904632568,12.369999885559082,14.880000114440918,0
159,2018-09-17,68.91000366210938,2888.800048828125,13.68000030517578,69.22200012207031,68.6455005645752,68.98999786376953,67.54000091552734,2894.953955078125,2885.5699829101563,2904.97998046875,2877.1298828125,12.896000099182128,13.026999902725219,12.06999969482422,14.15999984741211,1
160,2018-09-18,69.8499984741211,2904.31005859375,12.789999961853027,69.34199981689453,68.81650047302246,68.91000366210938,69.25,2898.23798828125,2887.9329833984375,2888.800048828125,2887.889892578125,12.810000038146972,13.041999912261963,13.68000030517578,13.220000267028809,1
161,2018-09-19,71.12000274658203,2907.949951171875,11.75,69.49199981689453,69.0050006866455,69.8499984741211,70.37000274658203,2902.043994140625,2890.182482910156,2904.31005859375,2888.919921875,12.531999969482422,12.986499929428101,12.789999961853027,13.140000343322754,0
162,2018-09-20,70.80000305175781,2930.75,11.800000190734863,69.93400115966797,69.15200080871583,71.12000274658203,68.58999633789062,2907.3580078125,2893.6289794921877,2907.949951171875,2904.179931640625,12.418000030517579,12.963999938964843,11.75,12.369999885559082,0
163,2018-09-21,70.77999877929688,2929.669921875,11.68000030517578,70.29200134277343,69.29950065612793,70.80000305175781,68.98999786376953,2912.29599609375,2897.2634765625,2930.75,2904.97998046875,12.34000015258789,12.927499961853027,11.800000190734863,12.06999969482422,1
164,2018-09-24,72.08000183105469,2919.3701171875,12.199999809265137,70.9260009765625,69.46750068664551,70.77999877929688,68.91000366210938,2918.410009765625,2899.4974853515623,2929.669921875,2888.800048828125,12.044000053405762,12.937999963760376,11.68000030517578,13.68000030517578,1
165,2018-09-25,72.27999877929688,2915.56005859375,12.420000076293944,71.41200103759766,69.63800048828125,72.08000183105469,69.8499984741211,2920.660009765625,2900.4384887695314,2919.3701171875,2904.31005859375,11.970000076293946,12.950999975204468,12.199999809265137,12.789999961853027,0
166,2018-09-26,71.56999969482422,2905.969970703125,12.890000343322754,71.50200042724609,69.79000053405761,72.27999877929688,71.12000274658203,2920.264013671875,2900.860986328125,2915.56005859375,2907.949951171875,12.198000144958495,12.970499992370605,12.420000076293944,11.75,1
167,2018-09-27,72.12000274658203,2914.0,12.40999984741211,71.76600036621093,69.92050056457519,71.56999969482422,70.80000305175781,2916.914013671875,2900.858984375,2905.969970703125,2930.75,12.320000076293946,12.97849998474121,12.890000343322754,11.800000190734863,1
168,2018-09-28,73.25,2913.97998046875,12.119999885559082,72.26000061035157,70.0705005645752,72.12000274658203,70.77999877929688,2913.776025390625,2901.5014892578124,2914.0,2929.669921875,12.407999992370605,12.907999992370605,12.40999984741211,11.68000030517578,1
169,2018-10-01,75.30000305175781,2924.590087890625,12.0,72.90400085449218,70.34550056457519,73.25,72.08000183105469,2914.82001953125,2902.654992675781,2913.97998046875,2919.3701171875,12.368000030517578,12.865000009536743,12.119999885559082,12.199999809265137,0
170,2018-10-02,75.2300033569336,2923.429931640625,12.050000190734863,73.49400177001954,70.61350059509277,75.30000305175781,72.27999877929688,2916.393994140625,2903.9904907226564,2924.590087890625,2915.56005859375,12.294000053405762,12.809500026702882,12.0,12.420000076293944,1
171,2018-10-03,76.41000366210938,2925.510009765625,11.609999656677246,74.46200256347656,70.99800071716308,75.2300033569336,71.56999969482422,2920.302001953125,2905.835986328125,2923.429931640625,2905.969970703125,12.03799991607666,12.694500017166138,12.050000190734863,12.890000343322754,0
172,2018-10-04,74.33000183105469,2901.610107421875,14.220000267028809,74.9040023803711,71.3260009765625,76.41000366210938,72.12000274658203,2917.8240234375,2907.0139892578127,2925.510009765625,2914.0,12.4,12.673000049591064,11.609999656677246,12.40999984741211,1
173,2018-10-05,74.33999633789062,2885.570068359375,14.81999969482422,75.12200164794922,71.65550079345704,74.33000183105469,73.25,2912.142041015625,2907.70849609375,2901.610107421875,2913.97998046875,12.939999961853028,12.670000028610229,14.220000267028809,12.119999885559082,0
174,2018-10-08,74.29000091552734,2884.429931640625,15.6899995803833,74.92000122070313,71.99300079345703,74.33999633789062,75.30000305175781,2904.110009765625,2908.0734985351564,2885.570068359375,2924.590087890625,13.677999877929688,12.746500015258789,14.81999969482422,12.0,1
175,2018-10-09,74.95999908447266,2880.340087890625,15.949999809265137,74.86600036621094,72.27850074768067,74.29000091552734,75.2300033569336,2895.492041015625,2907.696008300781,2884.429931640625,2923.429931640625,14.457999801635742,12.882999992370605,15.6899995803833,12.050000190734863,0
176,2018-10-10,73.16999816894531,2785.679931640625,22.959999084472656,74.21799926757812,72.41850051879882,74.95999908447266,76.41000366210938,2867.526025390625,2902.5340087890627,2880.340087890625,2925.510009765625,16.727999687194824,13.3739999294281,15.949999809265137,11.609999656677246,0
177,2018-10-11,70.97000122070312,2728.3701171875,24.979999542236328,73.5459991455078,72.53750076293946,73.16999816894531,74.33000183105469,2832.87802734375,2893.743518066406,2785.679931640625,2901.610107421875,18.879999542236327,14.004499912261963,22.959999084472656,14.220000267028809,1
178,2018-10-12,71.33999633789062,2767.1298828125,21.309999465942383,72.94599914550781,72.65500068664551,70.97000122070312,74.33999633789062,2809.189990234375,2886.8510131835938,2728.3701171875,2885.570068359375,20.17799949645996,14.46649990081787,24.979999542236328,14.81999969482422,1
179,2018-10-15,71.77999877929688,2750.7900390625,21.299999237060547,72.44399871826172,72.79850044250489,71.33999633789062,74.29000091552734,2782.46201171875,2879.9505126953127,2767.1298828125,2884.429931640625,21.29999942779541,14.84749984741211,21.309999465942383,15.6899995803833,1
180,2018-10-16,71.91999816894531,2809.919921875,17.6200008392334,71.83599853515625,72.9020004272461,71.77999877929688,74.95999908447266,2768.377978515625,2875.231005859375,2750.7900390625,2880.340087890625,21.633999633789063,15.088999891281128,21.299999237060547,15.949999809265137,0
181,2018-10-17,69.75,2809.2099609375,17.399999618530273,71.1519989013672,72.833500289917,71.91999816894531,73.16999816894531,2773.083984375,2870.2940063476562,2809.919921875,2785.679931640625,20.521999740600585,15.371499872207641,17.6200008392334,22.959999084472656,0
182,2018-10-18,68.6500015258789,2768.780029296875,20.059999465942383,70.68799896240235,72.72600021362305,69.75,70.97000122070312,2781.165966796875,2862.1955078125,2809.2099609375,2728.3701171875,19.5379997253418,15.784499835968017,17.399999618530273,24.979999542236328,1
183,2018-10-19,69.12000274658203,2767.780029296875,19.88999938964844,70.24400024414062,72.6430004119873,68.6500015258789,71.33999633789062,2781.29599609375,2854.1010131835938,2768.780029296875,2767.1298828125,19.253999710083008,16.194999790191652,20.059999465942383,21.309999465942383,1
184,2018-10-22,69.16999816894531,2755.8798828125,19.63999938964844,69.72200012207031,72.49750022888183,69.12000274658203,71.77999877929688,2782.31396484375,2845.9265014648436,2767.780029296875,2750.7900390625,18.921999740600587,16.566999769210817,19.88999938964844,21.299999237060547,0
185,2018-10-23,66.43000030517578,2740.68994140625,20.709999084472656,68.6240005493164,72.20500030517579,69.16999816894531,71.91999816894531,2768.46796875,2837.182995605469,2755.8798828125,2809.919921875,19.539999389648436,16.98149971961975,19.63999938964844,17.6200008392334,1
186,2018-10-24,66.81999969482422,2656.10009765625,25.229999542236328,68.03800048828126,71.96750030517578,66.43000030517578,69.75,2737.84599609375,2824.689501953125,2740.68994140625,2809.2099609375,21.105999374389647,17.59849967956543,20.709999084472656,17.399999618530273,1
187,2018-10-25,67.33000183105469,2705.570068359375,24.21999931335449,67.77400054931641,71.72800025939941,66.81999969482422,68.6500015258789,2725.20400390625,2814.2680053710938,2656.10009765625,2768.780029296875,21.93799934387207,18.18899965286255,25.229999542236328,20.059999465942383,1
188,2018-10-26,67.58999633789062,2658.68994140625,24.15999984741211,67.46799926757812,71.44500007629395,67.33000183105469,69.12000274658203,2703.385986328125,2801.5035034179687,2705.570068359375,2767.780029296875,22.791999435424806,18.7909996509552,24.21999931335449,19.88999938964844,0
189,2018-10-29,67.04000091552734,2641.25,24.700000762939453,67.04199981689453,71.03199996948243,67.58999633789062,69.16999816894531,2680.460009765625,2787.3364990234377,2658.68994140625,2755.8798828125,23.80399971008301,19.425999689102174,24.15999984741211,19.63999938964844,0
190,2018-10-30,66.18000030517578,2682.6298828125,23.350000381469727,66.99199981689453,70.57949981689453,67.04000091552734,66.43000030517578,2668.847998046875,2775.296496582031,2641.25,2740.68994140625,24.33199996948242,19.990999698638916,24.700000762939453,20.709999084472656,0
191,2018-10-31,65.30999755859375,2711.739990234375,21.229999542236328,66.68999938964843,70.02449951171874,66.18000030517578,66.81999969482422,2679.9759765625,2764.6079956054687,2682.6298828125,2656.10009765625,23.53199996948242,20.47199969291687,23.350000381469727,25.229999542236328,0
192,2018-11-01,63.68999862670898,2740.3701171875,19.34000015258789,65.9619987487793,69.49249935150146,65.30999755859375,67.33000183105469,2686.935986328125,2756.54599609375,2711.739990234375,2705.570068359375,22.5560001373291,20.727999687194824,21.229999542236328,24.21999931335449,0
193,2018-11-02,63.13999938964844,2723.06005859375,19.51000022888184,65.07199935913086,68.93249950408935,63.68999862670898,67.58999633789062,2699.810009765625,2748.4204956054687,2740.3701171875,2658.68994140625,21.626000213623048,20.962499713897706,19.34000015258789,24.15999984741211,0
194,2018-11-05,63.09999847412109,2738.31005859375,19.959999084472656,64.28399887084962,68.37299938201905,63.13999938964844,67.04000091552734,2719.222021484375,2741.114501953125,2723.06005859375,2641.25,20.677999877929686,21.175999689102174,19.51000022888184,24.700000762939453,0
195,2018-11-06,62.209999084472656,2755.449951171875,19.90999984741211,63.48999862670898,67.73549938201904,63.09999847412109,66.18000030517578,2733.78603515625,2734.8699951171875,2738.31005859375,2682.6298828125,19.989999771118164,21.373999691009523,19.959999084472656,23.350000381469727,0
196,2018-11-07,61.66999816894531,2813.889892578125,16.360000610351562,62.7619987487793,67.16049938201904,62.209999084472656,65.30999755859375,2754.216015625,2736.2804931640626,2755.449951171875,2711.739990234375,19.01599998474121,21.043999767303468,19.90999984741211,21.229999542236328,0
197,2018-11-08,60.66999816894531,2806.830078125,16.719999313354492,62.157998657226564,66.64549922943115,61.66999816894531,63.68999862670898,2767.5080078125,2740.2034912109375,2813.889892578125,2740.3701171875,18.49199981689453,20.630999755859374,16.360000610351562,19.34000015258789,0
198,2018-11-09,60.18999862670898,2781.010009765625,17.360000610351562,61.56799850463867,66.08799934387207,60.66999816894531,63.13999938964844,2779.097998046875,2740.897497558594,2806.830078125,2723.06005859375,18.061999893188478,20.433499813079834,16.719999313354492,19.51000022888184,0
199,2018-11-12,59.93000030517578,2726.219970703125,20.450000762939453,60.93399887084961,65.49549942016601,60.18999862670898,63.09999847412109,2776.67998046875,2739.668994140625,2781.010009765625,2738.31005859375,18.160000228881835,20.39099988937378,17.360000610351562,19.959999084472656,0
200,2018-11-13,55.68999862670898,2722.179931640625,20.020000457763672,59.629998779296876,64.6839994430542,59.93000030517578,62.209999084472656,2770.0259765625,2735.2819946289064,2726.219970703125,2755.449951171875,18.182000350952148,20.510999870300292,20.450000762939453,19.90999984741211,1
201,2018-11-14,56.25,2701.580078125,21.25,58.545999145507814,64.0089994430542,55.68999862670898,61.66999816894531,2747.564013671875,2729.900500488281,2722.179931640625,2813.889892578125,19.160000228881835,20.70349988937378,20.020000457763672,16.360000610351562,1
202,2018-11-15,56.459999084472656,2730.199951171875,19.979999542236328,57.70399932861328,63.399499320983885,56.25,60.66999816894531,2732.23798828125,2727.9714965820312,2701.580078125,2806.830078125,19.812000274658203,20.699499893188477,21.25,16.719999313354492,0
203,2018-11-16,56.459999084472656,2736.27001953125,18.13999938964844,56.95799942016602,62.76649913787842,56.459999084472656,60.18999862670898,2723.289990234375,2726.39599609375,2730.199951171875,2781.010009765625,19.96800003051758,20.611999893188475,19.979999542236328,17.360000610351562,1
204,2018-11-19,56.7599983215332,2690.72998046875,20.100000381469727,56.3239990234375,62.145999145507815,56.459999084472656,59.93000030517578,2716.1919921875,2723.1385009765627,2736.27001953125,2726.219970703125,19.897999954223632,20.63499994277954,18.13999938964844,20.450000762939453,0
205,2018-11-20,53.43000030517578,2641.889892578125,22.479999542236328,55.87199935913086,61.49599914550781,56.7599983215332,55.68999862670898,2700.133984375,2718.1984985351564,2690.72998046875,2722.179931640625,20.389999771118163,20.723499965667724,20.100000381469727,20.020000457763672,1
206,2018-11-21,54.630001068115234,2649.929931640625,20.799999237060547,55.54799957275391,60.88649921417236,53.43000030517578,56.25,2689.803955078125,2717.889990234375,2641.889892578125,2701.580078125,20.299999618530272,20.501999950408937,22.479999542236328,21.25,0
207,2018-11-23,50.41999816894531,2632.56005859375,21.520000457763672,54.33999938964844,60.040999031066896,54.630001068115234,56.459999084472656,2670.2759765625,2714.2394897460936,2649.929931640625,2730.199951171875,20.607999801635742,20.367000007629393,20.799999237060547,19.979999542236328,1
208,2018-11-26,51.630001068115234,2673.449951171875,18.899999618530277,53.373999786376956,59.24299926757813,50.41999816894531,56.459999084472656,2657.711962890625,2714.977490234375,2632.56005859375,2736.27001953125,20.75999984741211,20.1039999961853,21.520000457763672,18.13999938964844,0
209,2018-11-27,51.560001373291016,2682.169921875,19.020000457763672,52.33400039672851,58.46899929046631,51.630001068115234,56.7599983215332,2655.999951171875,2717.023486328125,2673.449951171875,2690.72998046875,20.543999862670898,19.819999980926514,18.899999618530277,20.100000381469727,0
210,2018-11-28,50.290000915527344,2743.7900390625,18.489999771118164,51.70600051879883,57.674499320983884,51.560001373291016,53.43000030517578,2676.37998046875,2720.081494140625,2682.169921875,2641.889892578125,19.745999908447267,19.576999950408936,19.020000457763672,22.479999542236328,1
211,2018-11-29,51.45000076293945,2737.800048828125,18.790000915527344,51.07000045776367,56.98149948120117,50.290000915527344,54.630001068115234,2693.95400390625,2721.3844970703126,2743.7900390625,2649.929931640625,19.344000244140624,19.455000019073488,18.489999771118164,20.799999237060547,0
212,2018-11-30,50.93000030517578,2760.169921875,18.06999969482422,51.172000885009766,56.34349956512451,51.45000076293945,50.41999816894531,2719.4759765625,2722.3744873046876,2737.800048828125,2632.56005859375,18.654000091552735,19.391499996185303,18.790000915527344,21.520000457763672,1
213,2018-12-03,52.95000076293945,2790.3701171875,16.440000534057617,51.43600082397461,55.83399963378906,50.93000030517578,51.630001068115234,2742.860009765625,2725.739990234375,2760.169921875,2673.449951171875,18.162000274658205,19.238000011444093,18.06999969482422,18.899999618530277,1
214,2018-12-04,53.25,2700.06005859375,20.739999771118164,51.774000549316405,55.341499710083006,52.95000076293945,51.560001373291016,2746.438037109375,2723.827490234375,2790.3701171875,2682.169921875,18.506000137329103,19.27700004577637,16.440000534057617,19.020000457763672,0
215,2018-12-06,51.4900016784668,2695.949951171875,21.190000534057617,52.014000701904294,54.80549983978271,53.25,50.290000915527344,2736.87001953125,2720.852490234375,2700.06005859375,2743.7900390625,19.046000289916993,19.341000080108643,20.739999771118164,18.489999771118164,1
216,2018-12-07,52.61000061035156,2633.080078125,23.229999542236328,52.24600067138672,54.35249996185303,51.4900016784668,51.45000076293945,2715.926025390625,2711.8119995117186,2695.949951171875,2737.800048828125,19.93400001525879,19.68450002670288,21.190000534057617,18.790000915527344,0
217,2018-12-10,51.0,2637.719970703125,22.63999938964844,52.26000061035156,53.86900005340576,52.61000061035156,50.93000030517578,2691.43603515625,2703.356494140625,2633.080078125,2760.169921875,20.84799995422363,19.98050003051758,23.229999542236328,18.06999969482422,1
218,2018-12-11,51.650001525878906,2636.780029296875,21.76000022888184,52.00000076293945,53.442000198364255,51.0,52.95000076293945,2660.718017578125,2696.1449951171876,2637.719970703125,2790.3701171875,21.911999893188476,20.200500011444092,22.63999938964844,16.440000534057617,0
219,2018-12-12,51.150001525878906,2651.070068359375,21.459999084472656,51.58000106811524,53.003000259399414,51.650001525878906,53.25,2650.92001953125,2692.3875,2636.780029296875,2700.06005859375,22.055999755859375,20.250999927520752,21.76000022888184,20.739999771118164,1
220,2018-12-13,52.58000183105469,2650.5400390625,20.649999618530277,51.79800109863281,52.8475004196167,51.150001525878906,51.4900016784668,2641.838037109375,2688.8055053710937,2651.070068359375,2695.949951171875,21.947999572753908,20.282499885559083,21.459999084472656,21.190000534057617,0
221,2018-12-14,51.20000076293945,2599.949951171875,21.6299991607666,51.51600112915039,52.595000457763675,52.58000183105469,52.61000061035156,2635.21201171875,2683.7239990234375,2650.5400390625,2633.080078125,21.627999496459964,20.301499843597412,20.649999618530277,23.229999542236328,0
222,2018-12-17,49.880001068115234,2545.93994140625,24.520000457763672,51.29200134277344,52.2660005569458,51.20000076293945,51.0,2616.856005859375,2674.5109985351564,2599.949951171875,2637.719970703125,22.00399971008301,20.52849988937378,21.6299991607666,22.63999938964844,0
223,2018-12-18,46.2400016784668,2546.159912109375,25.57999992370605,50.210001373291014,51.75500068664551,49.880001068115234,51.650001525878906,2598.731982421875,2665.0054931640625,2545.93994140625,2636.780029296875,22.76799964904785,20.90049991607666,24.520000457763672,21.76000022888184,1
224,2018-12-19,47.20000076293945,2506.9599609375,25.57999992370605,49.42000122070313,51.27700080871582,46.2400016784668,51.150001525878906,2569.9099609375,2655.8169921875,2546.159912109375,2651.070068359375,23.59199981689453,21.174499893188475,25.57999992370605,21.459999084472656,0
225,2018-12-20,45.880001068115234,2467.419921875,28.3799991607666,48.08000106811524,50.89950084686279,47.20000076293945,52.58000183105469,2533.2859375,2647.0934936523436,2506.9599609375,2650.5400390625,25.137999725341793,21.46949987411499,25.57999992370605,20.649999618530277,0
226,2018-12-21,45.59000015258789,2416.6201171875,30.11000061035156,46.95800094604492,50.44750080108643,45.880001068115234,51.20000076293945,2496.619970703125,2635.4280029296874,2467.419921875,2599.949951171875,26.834000015258788,21.93499994277954,28.3799991607666,21.6299991607666,0
227,2018-12-24,42.52999877929688,2351.10009765625,36.06999969482422,45.48800048828125,50.053000831604,45.59000015258789,49.880001068115234,2457.652001953125,2621.3550048828124,2416.6201171875,2545.93994140625,29.1439998626709,22.66249990463257,30.11000061035156,24.520000457763672,1
228,2018-12-26,46.220001220703125,2467.699951171875,30.40999984741211,45.48400039672852,49.7825008392334,42.52999877929688,46.2400016784668,2441.960009765625,2611.0675048828125,2351.10009765625,2546.159912109375,30.10999984741211,23.23799991607666,36.06999969482422,25.57999992370605,0
229,2018-12-27,44.61000061035156,2488.830078125,29.959999084472656,44.966000366210935,49.435000801086424,46.220001220703125,47.20000076293945,2438.334033203125,2601.4005126953125,2467.699951171875,2506.9599609375,30.98599967956543,23.78499984741211,30.40999984741211,25.57999992370605,1
230,2018-12-28,45.33000183105469,2485.739990234375,28.34000015258789,44.85600051879883,49.187000846862794,44.61000061035156,45.880001068115234,2441.998046875,2588.498010253906,2488.830078125,2467.419921875,30.977999877929687,24.277499866485595,29.959999084472656,28.3799991607666,1
231,2018-12-31,45.40999984741211,2506.85009765625,25.420000076293945,44.82000045776367,48.88500080108643,45.33000183105469,45.59000015258789,2460.04404296875,2576.9505126953127,2485.739990234375,2416.6201171875,30.039999771118165,24.608999824523927,28.34000015258789,30.11000061035156,1
232,2019-01-02,46.540000915527344,2510.030029296875,23.21999931335449,45.62200088500977,48.66550083160401,45.40999984741211,42.52999877929688,2491.830029296875,2564.4435180664063,2506.85009765625,2351.10009765625,27.469999694824217,24.866499805450438,25.420000076293945,36.06999969482422,1
233,2019-01-03,47.09000015258789,2447.889892578125,25.450000762939453,45.79600067138672,48.372500801086424,46.540000915527344,46.220001220703125,2487.868017578125,2547.3195068359373,2510.030029296875,2467.699951171875,26.477999877929687,25.31699981689453,23.21999931335449,30.40999984741211,1
234,2019-01-04,47.959999084472656,2531.93994140625,21.3799991607666,46.466000366210935,48.10800075531006,47.09000015258789,44.61000061035156,2496.489990234375,2538.9135009765623,2447.889892578125,2488.830078125,24.761999893188477,25.348999786376954,25.450000762939453,29.959999084472656,1
235,2019-01-07,48.52000045776367,2549.68994140625,21.399999618530277,47.104000091552734,47.9595006942749,47.959999084472656,45.33000183105469,2509.27998046875,2531.6005004882813,2531.93994140625,2485.739990234375,23.373999786376952,25.359499740600587,21.3799991607666,28.34000015258789,1
236,2019-01-08,49.77999877929688,2574.409912109375,20.46999931335449,47.97799987792969,47.818000602722165,48.52000045776367,45.40999984741211,2522.791943359375,2528.6669921875,2549.68994140625,2506.85009765625,22.383999633789063,25.221499729156495,21.399999618530277,25.420000076293945,1
237,2019-01-09,52.36000061035156,2584.9599609375,19.979999542236328,49.14199981689453,47.886000633239746,49.77999877929688,46.540000915527344,2537.7779296875,2526.0289916992188,2574.409912109375,2510.030029296875,21.73599967956543,25.088499736785888,20.46999931335449,23.21999931335449,1
238,2019-01-10,52.59000015258789,2596.639892578125,19.5,50.241999816894534,47.933000564575195,52.36000061035156,47.09000015258789,2567.5279296875,2524.0219848632814,2584.9599609375,2447.889892578125,20.54599952697754,24.9754997253418,19.979999542236328,25.450000762939453,0
239,2019-01-11,51.59000015258789,2596.260009765625,18.190000534057617,50.96800003051758,47.955000495910646,52.59000015258789,47.959999084472656,2580.391943359375,2521.2814819335936,2596.639892578125,2531.93994140625,19.907999801635743,24.811999797821045,19.5,21.3799991607666,0
240,2019-01-14,50.5099983215332,2582.610107421875,19.06999969482422,51.36599960327148,47.85150032043457,51.59000015258789,48.52000045776367,2586.9759765625,2517.8849853515626,2596.260009765625,2549.68994140625,19.44199981689453,24.732999801635742,18.190000534057617,21.399999618530277,1
241,2019-01-15,52.11000061035156,2610.300048828125,18.600000381469727,51.831999969482425,47.897000312805176,50.5099983215332,49.77999877929688,2594.15400390625,2518.402490234375,2582.610107421875,2574.409912109375,19.068000030517577,24.5814998626709,19.06999969482422,20.46999931335449,1
242,2019-01-16,52.310001373291016,2616.10009765625,19.040000915527344,51.822000122070314,48.018500328063965,52.11000061035156,52.36000061035156,2600.38203125,2521.910498046875,2610.300048828125,2584.9599609375,18.88000030517578,24.307499885559082,18.600000381469727,19.979999542236328,0
243,2019-01-17,52.06999969482422,2635.9599609375,18.059999465942383,51.71800003051758,48.31000022888183,52.310001373291016,52.59000015258789,2608.246044921875,2526.400500488281,2616.10009765625,2596.639892578125,18.592000198364257,23.931499862670897,19.040000915527344,19.5,1
244,2019-01-18,53.79999923706055,2670.7099609375,17.799999237060547,52.15999984741211,48.64000015258789,52.06999969482422,51.59000015258789,2623.13603515625,2534.588000488281,2635.9599609375,2596.260009765625,18.513999938964844,23.542499828338624,18.059999465942383,18.190000534057617,0
245,2019-01-22,52.56999969482422,2632.89990234375,20.799999237060547,52.572000122070314,48.97450008392334,53.79999923706055,50.5099983215332,2633.193994140625,2542.8619995117188,2670.7099609375,2582.610107421875,18.85999984741211,23.16349983215332,17.799999237060547,19.06999969482422,1
246,2019-01-23,52.619998931884766,2638.699951171875,19.520000457763672,52.67399978637695,49.32600002288818,52.56999969482422,52.11000061035156,2638.873974609375,2553.9659912109373,2632.89990234375,2610.300048828125,19.043999862670898,22.633999824523926,20.799999237060547,18.600000381469727,1
247,2019-01-24,53.130001068115234,2642.330078125,18.88999938964844,52.837999725341795,49.856000137329104,52.619998931884766,52.310001373291016,2644.119970703125,2568.527490234375,2638.699951171875,2616.10009765625,19.01399955749512,21.774999809265136,19.520000457763672,19.040000915527344,1
248,2019-01-25,53.68999862670898,2664.760009765625,17.420000076293945,53.16199951171875,50.2295000076294,53.130001068115234,52.06999969482422,2649.87998046875,2578.3804931640625,2642.330078125,2635.9599609375,18.88599967956543,21.12549982070923,18.88999938964844,18.059999465942383,0
249,2019-01-28,51.9900016784668,2643.85009765625,18.8700008392334,52.8,50.59850006103515,53.68999862670898,53.79999923706055,2644.5080078125,2586.131494140625,2664.760009765625,2670.7099609375,19.1,20.570999908447266,17.420000076293945,17.799999237060547,1
250,2019-01-29,53.310001373291016,2640.0,19.1299991607666,52.94800033569336,50.997500038146974,51.9900016784668,52.56999969482422,2645.92802734375,2593.8444946289064,2643.85009765625,2632.89990234375,18.76599998474121,20.1104998588562,18.8700008392334,20.799999237060547,1
251,2019-01-30,54.22999954223633,2681.050048828125,17.65999984741211,53.27000045776367,51.438500022888185,53.310001373291016,52.619998931884766,2654.398046875,2602.5544921875,2640.0,2638.699951171875,18.3939998626709,19.72249984741211,19.1299991607666,19.520000457763672,0
252,2019-01-31,53.790000915527344,2704.10009765625,16.56999969482422,53.402000427246094,51.80100002288818,54.22999954223633,53.130001068115234,2666.75205078125,2612.2579956054688,2681.050048828125,2642.330078125,17.929999923706056,19.389999866485596,17.65999984741211,18.88999938964844,1
253,2019-02-01,55.2599983215332,2706.530029296875,16.139999389648438,53.716000366210935,52.20949993133545,53.790000915527344,53.68999862670898,2675.1060546875,2625.1900024414062,2704.10009765625,2664.760009765625,17.673999786376953,18.924499797821046,16.56999969482422,17.420000076293945,0
254,2019-02-04,54.560001373291016,2724.8701171875,15.729999542236328,54.23000030517578,52.539500045776364,55.2599983215332,51.9900016784668,2691.31005859375,2634.8365112304687,2706.530029296875,2643.85009765625,17.04599952697754,18.641999816894533,16.139999389648438,18.8700008392334,0
255,2019-02-05,53.65999984741211,2737.699951171875,15.56999969482422,54.3,52.796500015258786,54.560001373291016,53.310001373291016,2710.850048828125,2644.23701171875,2724.8701171875,2640.0,16.333999633789062,18.350499820709228,15.729999542236328,19.1299991607666,1
256,2019-02-06,54.0099983215332,2731.610107421875,15.380000114440918,54.25599975585938,53.00799999237061,53.65999984741211,54.22999954223633,2720.962060546875,2652.097021484375,2737.699951171875,2681.050048828125,15.877999687194825,18.09599986076355,15.56999969482422,17.65999984741211,0
257,2019-02-07,52.63999938964844,2706.050048828125,16.3700008392334,54.02599945068359,53.02199993133545,54.0099983215332,53.790000915527344,2721.35205078125,2658.1515258789063,2731.610107421875,2704.10009765625,15.83799991607666,17.915499925613403,15.380000114440918,16.56999969482422,1
258,2019-02-08,52.720001220703125,2707.8798828125,15.720000267028809,53.51800003051758,53.02849998474121,52.63999938964844,55.2599983215332,2721.622021484375,2663.713525390625,2706.050048828125,2706.530029296875,15.754000091552735,17.726499938964842,16.3700008392334,16.139999389648438,0
259,2019-02-11,52.40999984741211,2709.800048828125,15.970000267028809,53.087999725341795,53.06949996948242,52.720001220703125,54.560001373291016,2718.6080078125,2669.39052734375,2707.8798828125,2724.8701171875,15.80200023651123,17.615499925613403,15.720000267028809,15.729999542236328,1
260,2019-02-12,53.09999847412109,2744.72998046875,15.43000030517578,52.975999450683595,53.19899997711182,52.40999984741211,53.65999984741211,2720.014013671875,2677.4965209960938,2709.800048828125,2737.699951171875,15.774000358581542,17.43349995613098,15.970000267028809,15.56999969482422,1
261,2019-02-13,53.900001525878906,2753.030029296875,15.649999618530272,52.954000091552736,53.288500022888186,53.09999847412109,54.0099983215332,2724.297998046875,2684.633020019531,2744.72998046875,2731.610107421875,15.828000259399413,17.285999917984007,15.43000030517578,15.380000114440918,1
262,2019-02-14,54.40999984741211,2745.72998046875,16.219999313354492,53.30800018310547,53.39349994659424,53.900001525878906,52.63999938964844,2732.233984375,2691.1145141601564,2753.030029296875,2706.050048828125,15.797999954223632,17.144999837875368,15.649999618530272,16.3700008392334,1
263,2019-02-15,55.59000015258789,2775.60009765625,14.90999984741211,53.88199996948242,53.56949996948242,54.40999984741211,52.720001220703125,2745.77802734375,2698.0965209960937,2745.72998046875,2707.8798828125,15.635999870300292,16.98749985694885,16.219999313354492,15.720000267028809,1
264,2019-02-19,56.09000015258789,2779.760009765625,14.880000114440918,54.61800003051758,53.68400001525879,55.59000015258789,52.40999984741211,2759.77001953125,2703.5490234375,2775.60009765625,2709.800048828125,15.417999839782714,16.841499900817873,14.90999984741211,15.970000267028809,1
265,2019-02-20,56.91999816894531,2784.699951171875,14.020000457763672,55.38199996948242,53.90149993896485,56.09000015258789,53.09999847412109,2767.764013671875,2711.139025878906,2779.760009765625,2744.72998046875,15.135999870300292,16.502499961853026,14.880000114440918,15.43000030517578,1
266,2019-02-21,56.959999084472656,2774.8798828125,14.460000038146973,55.99399948120117,54.11849994659424,56.91999816894531,53.900001525878906,2772.133984375,2717.9480224609374,2784.699951171875,2753.030029296875,14.897999954223632,16.24949994087219,14.020000457763672,15.649999618530272,1
267,2019-02-22,57.2599983215332,2792.669921875,13.510000228881836,56.56399917602539,54.32499980926514,56.959999084472656,54.40999984741211,2781.52197265625,2725.4650146484373,2774.8798828125,2745.72998046875,14.3560001373291,15.980499982833862,14.460000038146973,16.219999313354492,0
268,2019-02-25,55.47999954223633,2796.110107421875,14.850000381469728,56.54199905395508,54.414499855041505,57.2599983215332,55.59000015258789,2785.623974609375,2732.03251953125,2792.669921875,2775.60009765625,14.344000244140625,15.851999998092651,13.510000228881836,14.90999984741211,1
269,2019-02-26,55.5,2793.89990234375,15.170000076293944,56.4239990234375,54.589999771118165,55.47999954223633,56.09000015258789,2788.451953125,2739.535009765625,2796.110107421875,2779.760009765625,14.402000236511231,15.666999959945679,14.850000381469728,14.880000114440918,1
270,2019-02-27,56.93999862670898,2792.3798828125,14.699999809265137,56.427999114990236,54.77149963378906,55.5,56.91999816894531,2789.987939453125,2747.15400390625,2793.89990234375,2784.699951171875,14.538000106811523,15.445499992370605,15.170000076293944,14.020000457763672,1
271,2019-02-28,57.220001220703125,2784.489990234375,14.779999732971191,56.47999954223633,54.920999717712405,56.93999862670898,56.959999084472656,2791.9099609375,2752.3260009765627,2792.3798828125,2774.8798828125,14.602000045776368,15.30149998664856,14.699999809265137,14.460000038146973,0
272,2019-03-01,55.79999923706055,2803.68994140625,13.56999969482422,56.1879997253418,55.02149963378906,57.220001220703125,57.2599983215332,2794.11396484375,2757.3054931640627,2784.489990234375,2792.669921875,14.613999938964843,15.15149998664856,14.779999732971191,13.510000228881836,1
273,2019-03-04,56.59000015258789,2792.81005859375,14.630000114440918,56.40999984741211,55.087999725341795,55.79999923706055,55.47999954223633,2793.453955078125,2761.619494628906,2803.68994140625,2796.110107421875,14.569999885559081,15.076000022888184,13.56999969482422,14.850000381469728,0
274,2019-03-05,56.560001373291016,2789.64990234375,14.739999771118164,56.62200012207031,55.1879997253418,56.59000015258789,55.5,2792.603955078125,2764.8584838867187,2792.81005859375,2793.89990234375,14.483999824523925,15.026500034332276,14.630000114440918,15.170000076293944,0
275,2019-03-06,56.220001220703125,2771.449951171875,15.739999771118164,56.47800064086914,55.315999794006345,56.560001373291016,56.93999862670898,2788.41796875,2766.5459838867187,2789.64990234375,2792.3798828125,14.691999816894532,15.035000038146972,14.739999771118164,14.699999809265137,1
276,2019-03-07,56.65999984741211,2748.929931640625,16.59000015258789,56.36600036621094,55.448499870300296,56.220001220703125,57.220001220703125,2781.30595703125,2767.411975097656,2771.449951171875,2784.489990234375,15.053999900817871,15.095500040054322,15.739999771118164,14.779999732971191,0
277,2019-03-08,56.06999969482422,2743.070068359375,16.049999237060547,56.42000045776367,55.61999988555908,56.65999984741211,55.79999923706055,2769.181982421875,2769.262976074219,2748.929931640625,2803.68994140625,15.549999809265136,15.079499959945679,16.59000015258789,13.56999969482422,1
278,2019-03-11,56.790000915527344,2783.300048828125,14.329999923706056,56.460000610351564,55.823499870300296,56.06999969482422,56.59000015258789,2767.27998046875,2773.033984375,2743.070068359375,2792.81005859375,15.489999771118164,15.00999994277954,16.049999237060547,14.630000114440918,1
279,2019-03-12,56.869998931884766,2791.52001953125,13.770000457763672,56.52200012207031,56.04649982452393,56.790000915527344,56.560001373291016,2767.65400390625,2777.119982910156,2783.300048828125,2789.64990234375,15.295999908447266,14.899999952316284,14.329999923706056,14.739999771118164,1
280,2019-03-13,58.2599983215332,2810.919921875,13.40999984741211,56.92999954223633,56.304499816894534,56.869998931884766,56.220001220703125,2775.547998046875,2780.429479980469,2791.52001953125,2771.449951171875,14.829999923706055,14.798999929428101,13.770000457763672,15.739999771118164,1
281,2019-03-14,58.61000061035156,2808.47998046875,13.5,57.31999969482422,56.53999977111816,58.2599983215332,56.65999984741211,2787.4580078125,2783.2019775390627,2810.919921875,2748.929931640625,14.211999893188477,14.691499948501587,13.40999984741211,16.59000015258789,0
282,2019-03-15,58.52000045776367,2822.47998046875,12.880000114440918,57.80999984741211,56.745499801635745,58.61000061035156,56.06999969482422,2803.339990234375,2787.0394775390623,2808.47998046875,2743.070068359375,13.57800006866455,14.524499988555908,13.5,16.049999237060547,1
283,2019-03-18,59.09000015258789,2832.93994140625,13.100000381469728,58.26999969482422,56.92049980163574,58.52000045776367,56.790000915527344,2813.26796875,2789.9064697265626,2822.47998046875,2783.300048828125,13.332000160217286,14.434000015258789,12.880000114440918,14.329999923706056,0
284,2019-03-19,59.02999877929688,2832.570068359375,13.5600004196167,58.70199966430664,57.06749973297119,59.09000015258789,56.869998931884766,2821.477978515625,2792.54697265625,2832.93994140625,2791.52001953125,13.29000015258789,14.368000030517578,13.100000381469728,13.770000457763672,1
285,2019-03-20,59.83000183105469,2824.22998046875,13.90999984741211,59.01600036621094,57.21299991607666,59.02999877929688,58.2599983215332,2824.139990234375,2794.523474121094,2832.570068359375,2810.919921875,13.390000152587891,14.3625,13.5600004196167,13.40999984741211,1
286,2019-03-21,59.97999954223633,2854.8798828125,13.630000114440918,59.29000015258789,57.363999938964845,59.83000183105469,58.61000061035156,2833.419970703125,2798.523474121094,2824.22998046875,2808.47998046875,13.416000175476075,14.321000003814698,13.90999984741211,13.5,0
287,2019-03-22,59.040000915527344,2800.7099609375,16.479999542236328,59.39400024414063,57.45300006866455,59.97999954223633,58.52000045776367,2829.065966796875,2798.9254760742188,2854.8798828125,2822.47998046875,14.136000061035157,14.469499969482422,13.630000114440918,12.880000114440918,0
288,2019-03-25,58.81999969482422,2798.360107421875,16.329999923706055,59.34000015258789,57.62000007629395,59.040000915527344,59.09000015258789,2822.15,2799.037976074219,2800.7099609375,2832.93994140625,14.781999969482422,14.543499946594238,16.479999542236328,13.100000381469728,1
289,2019-03-26,59.93999862670898,2818.4599609375,14.68000030517578,59.52200012207031,57.842000007629395,58.81999969482422,59.02999877929688,2819.327978515625,2800.265979003906,2798.360107421875,2832.570068359375,15.005999946594239,14.51899995803833,16.329999923706055,13.5600004196167,0
290,2019-03-27,59.40999984741211,2805.3701171875,15.149999618530272,59.4379997253418,57.965500068664554,59.93999862670898,59.83000183105469,2815.556005859375,2800.915490722656,2818.4599609375,2824.22998046875,15.25399990081787,14.541499948501587,14.68000030517578,13.90999984741211,0
291,2019-03-28,59.29999923706055,2815.43994140625,14.43000030517578,59.30199966430664,58.06949996948242,59.40999984741211,59.97999954223633,2807.668017578125,2802.46298828125,2805.3701171875,2854.8798828125,15.413999938964844,14.523999977111817,15.149999618530272,13.630000114440918,1
292,2019-03-29,60.13999938964844,2834.39990234375,13.710000038146973,59.52199935913086,58.286499977111816,59.29999923706055,59.040000915527344,2814.406005859375,2803.998486328125,2815.43994140625,2800.7099609375,14.860000038146973,14.530999994277954,14.43000030517578,16.479999542236328,1
293,2019-04-01,61.59000015258789,2867.18994140625,13.399999618530272,60.0759994506836,58.536499977111816,60.13999938964844,58.81999969482422,2828.17197265625,2807.71748046875,2834.39990234375,2798.360107421875,14.273999977111817,14.469499969482422,13.710000038146973,16.329999923706055,1
294,2019-04-02,62.58000183105469,2867.239990234375,13.359999656677246,60.604000091552734,58.8375,61.59000015258789,59.93999862670898,2837.927978515625,2811.5969848632812,2867.18994140625,2818.4599609375,14.009999847412109,14.400499963760376,13.399999618530272,14.68000030517578,0
295,2019-04-03,62.459999084472656,2873.39990234375,13.739999771118164,61.21399993896485,59.14949989318848,62.58000183105469,59.40999984741211,2851.533935546875,2816.694482421875,2867.239990234375,2805.3701171875,13.727999877929687,14.300499963760377,13.359999656677246,15.149999618530272,0
296,2019-04-04,62.09999847412109,2879.389892578125,13.579999923706056,61.773999786376955,59.42149982452393,62.459999084472656,59.29999923706055,2864.32392578125,2823.21748046875,2873.39990234375,2815.43994140625,13.557999801635741,14.149999952316284,13.739999771118164,14.43000030517578,1
297,2019-04-05,63.08000183105469,2892.739990234375,12.81999969482422,62.3620002746582,59.77199993133545,62.09999847412109,60.13999938964844,2875.991943359375,2830.7009765625,2879.389892578125,2834.39990234375,13.379999732971191,13.988499975204467,13.579999923706056,13.710000038146973,1
298,2019-04-08,64.4000015258789,2895.77001953125,13.18000030517578,62.9240005493164,60.152499961853025,63.08000183105469,61.59000015258789,2881.707958984375,2836.3244750976564,2892.739990234375,2867.18994140625,13.335999870300293,13.930999994277954,12.81999969482422,13.399999618530272,0
299,2019-04-09,63.97999954223633,2878.199951171875,14.279999732971191,63.204000091552736,60.50799999237061,64.4000015258789,62.58000183105469,2883.899951171875,2840.6584716796874,2895.77001953125,2867.239990234375,13.519999885559082,13.95649995803833,13.18000030517578,13.359999656677246,1
300,2019-04-10,64.61000061035156,2888.2099609375,13.300000190734863,63.63400039672852,60.825500106811525,63.97999954223633,62.459999084472656,2886.861962890625,2844.5229736328124,2878.199951171875,2873.39990234375,13.431999969482423,13.950999975204468,14.279999732971191,13.739999771118164,0
301,2019-04-11,63.58000183105469,2888.320068359375,13.020000457763672,63.93000106811523,61.07400016784668,64.61000061035156,62.09999847412109,2888.647998046875,2848.5149780273437,2888.2099609375,2879.389892578125,13.320000076293946,13.92699999809265,13.300000190734863,13.579999923706056,1
302,2019-04-12,63.88999938964844,2907.409912109375,12.010000228881836,64.09200057983398,61.34250011444092,63.58000183105469,63.08000183105469,2891.581982421875,2852.761474609375,2888.320068359375,2892.739990234375,13.158000183105468,13.883500003814698,13.020000457763672,12.81999969482422,0
303,2019-04-15,63.400001525878906,2905.580078125,12.31999969482422,63.89200057983398,61.55800018310547,63.88999938964844,64.4000015258789,2893.543994140625,2856.3934814453123,2907.409912109375,2895.77001953125,12.986000061035156,13.844499969482422,12.010000228881836,13.18000030517578,1
304,2019-04-16,64.05000305175781,2907.06005859375,12.18000030517578,63.906001281738284,61.809000396728514,63.400001525878906,63.97999954223633,2899.316015625,2860.1179809570312,2905.580078125,2878.199951171875,12.566000175476074,13.775499963760376,12.31999969482422,14.279999732971191,0
305,2019-04-17,63.7599983215332,2900.449951171875,12.600000381469728,63.73600082397461,62.00550022125244,64.05000305175781,64.61000061035156,2901.764013671875,2863.9289794921874,2907.06005859375,2888.2099609375,12.426000213623047,13.709999990463256,12.18000030517578,13.300000190734863,1
306,2019-04-18,64.0,2905.030029296875,12.09000015258789,63.82000045776367,62.20650024414063,63.7599983215332,63.58000183105469,2905.106005859375,2866.436486816406,2900.449951171875,2888.320068359375,12.240000152587891,13.632999992370605,12.600000381469728,13.020000457763672,1
307,2019-04-22,65.69999694824219,2907.969970703125,12.420000076293944,64.18199996948242,62.539500045776364,64.0,63.88999938964844,2905.218017578125,2871.7994873046873,2905.030029296875,2907.409912109375,12.322000122070312,13.430000019073486,12.09000015258789,12.010000228881836,1
308,2019-04-23,66.30000305175781,2933.679931640625,12.279999732971191,64.7620002746582,62.913500213623045,65.69999694824219,63.400001525878906,2910.83798828125,2878.565478515625,2907.969970703125,2905.580078125,12.314000129699707,13.227500009536744,12.420000076293944,12.31999969482422,0
309,2019-04-24,65.88999938964844,2927.25,13.140000343322754,65.12999954223633,63.21100025177002,66.30000305175781,64.05000305175781,2914.8759765625,2884.00498046875,2933.679931640625,2907.06005859375,12.506000137329101,13.150500011444091,12.279999732971191,12.18000030517578,0
310,2019-04-25,65.20999908447266,2926.169921875,13.25,65.41999969482421,63.501000213623044,65.88999938964844,63.7599983215332,2920.019970703125,2890.044970703125,2927.25,2900.449951171875,12.636000061035157,13.055500030517578,13.140000343322754,12.600000381469728,0
311,2019-04-26,63.29999923706055,2939.8798828125,12.729999542236328,65.27999954223633,63.70100021362305,65.20999908447266,64.0,2926.98994140625,2896.2669677734375,2926.169921875,2905.030029296875,12.763999938964844,12.970499992370605,13.25,12.09000015258789,1
312,2019-04-29,63.5,2943.030029296875,13.109999656677246,64.84000015258789,63.86900024414062,63.29999923706055,65.69999694824219,2934.001953125,2901.6984741210936,2939.8798828125,2907.969970703125,12.901999855041504,12.940499973297118,12.729999542236328,12.420000076293944,1
313,2019-04-30,63.90999984741211,2945.830078125,13.119999885559082,64.36199951171875,63.98500022888184,63.5,66.30000305175781,2936.431982421875,2905.630480957031,2943.030029296875,2933.679931640625,13.069999885559081,12.92649998664856,13.109999656677246,12.279999732971191,0
314,2019-05-01,63.59999847412109,2923.72998046875,14.800000190734863,63.90399932861328,64.03600006103515,63.90999984741211,65.88999938964844,2935.727978515625,2908.45498046875,2945.830078125,2927.25,13.401999855041504,12.99850001335144,13.119999885559082,13.140000343322754,0
315,2019-05-02,61.810001373291016,2917.52001953125,14.420000076293944,63.22399978637695,64.00350017547608,63.59999847412109,65.20999908447266,2933.997998046875,2910.660986328125,2923.72998046875,2926.169921875,13.635999870300292,13.03250002861023,14.800000190734863,13.25,1
316,2019-05-03,61.93999862670898,2945.639892578125,12.869999885559082,62.95199966430664,63.99550018310547,61.810001373291016,63.29999923706055,2935.15,2913.973486328125,2917.52001953125,2939.8798828125,13.663999938964844,12.997000026702882,14.420000076293944,12.729999542236328,1
317,2019-05-06,62.25,2932.469970703125,15.4399995803833,62.70199966430664,63.954000091552736,61.93999862670898,63.5,2933.03798828125,2915.9599853515624,2945.639892578125,2943.030029296875,14.129999923706055,13.128000020980835,12.869999885559082,13.109999656677246,0
318,2019-05-07,61.400001525878906,2884.050048828125,19.31999969482422,62.2,63.80400009155274,62.25,63.90999984741211,2920.681982421875,2915.373986816406,2932.469970703125,2945.830078125,15.369999885559082,13.434999990463258,15.4399995803833,13.119999885559082,1
319,2019-05-08,62.119998931884766,2879.419921875,19.399999618530277,61.90400009155273,63.71100006103516,61.400001525878906,63.59999847412109,2911.819970703125,2915.4349853515623,2884.050048828125,2923.72998046875,16.289999771118165,13.690999984741211,19.31999969482422,14.800000190734863,0
320,2019-05-09,61.70000076293945,2870.719970703125,19.100000381469727,61.88199996948242,63.56550006866455,62.119998931884766,61.810001373291016,2902.4599609375,2914.5604858398438,2879.419921875,2917.52001953125,17.22599983215332,13.980999994277955,19.399999618530277,14.420000076293944,0
321,2019-05-10,61.65999984741211,2881.39990234375,16.040000915527344,61.82600021362305,63.46949996948242,61.70000076293945,61.93999862670898,2889.611962890625,2914.2144775390625,2870.719970703125,2945.639892578125,17.86000003814697,14.132000017166138,19.100000381469727,12.869999885559082,0
322,2019-05-13,61.040000915527344,2811.8701171875,20.549999237060547,61.58400039672851,63.327000045776366,61.65999984741211,62.25,2865.4919921875,2909.4374877929686,2881.39990234375,2932.469970703125,18.881999969482422,14.558999967575073,16.040000915527344,15.4399995803833,1
323,2019-05-14,61.77999877929688,2834.409912109375,18.059999465942383,61.65999984741211,63.24599990844727,61.040000915527344,61.400001525878906,2855.56396484375,2905.8789794921877,2811.8701171875,2884.050048828125,18.629999923706055,14.845999956130981,20.549999237060547,19.31999969482422,1
324,2019-05-15,62.02000045776367,2850.9599609375,16.440000534057617,61.64000015258789,63.14449977874756,61.77999877929688,62.119998931884766,2849.87197265625,2903.073974609375,2834.409912109375,2879.419921875,18.038000106811523,15.058999967575073,18.059999465942383,19.399999618530277,1
325,2019-05-16,62.869998931884766,2876.320068359375,15.289999961853027,61.873999786376956,63.099999809265135,62.02000045776367,61.70000076293945,2850.9919921875,2901.86748046875,2850.9599609375,2870.719970703125,17.276000022888184,15.193499946594239,16.440000534057617,19.100000381469727,0
326,2019-05-17,62.7599983215332,2859.530029296875,15.960000038146973,62.09399948120117,63.0379997253418,62.869998931884766,61.65999984741211,2846.618017578125,2899.59248046875,2876.320068359375,2881.39990234375,17.25999984741211,15.386999940872192,15.289999961853027,16.040000915527344,1
327,2019-05-20,63.09999847412109,2840.22998046875,16.309999465942383,62.50599899291992,62.90799980163574,62.7599983215332,61.040000915527344,2852.289990234375,2896.2054809570313,2859.530029296875,2811.8701171875,16.411999893188476,15.581499910354614,15.960000038146973,20.549999237060547,0
328,2019-05-21,62.9900016784668,2864.360107421875,14.949999809265137,62.747999572753905,62.74249973297119,63.09999847412109,61.77999877929688,2858.280029296875,2892.7394897460936,2840.22998046875,2834.409912109375,15.789999961853027,15.714999914169312,16.309999465942383,18.059999465942383,0
329,2019-05-22,61.41999816894531,2856.27001953125,14.75,62.62799911499023,62.51899967193604,62.9900016784668,62.02000045776367,2859.342041015625,2889.1904907226562,2864.360107421875,2850.9599609375,15.451999855041503,15.795499897003173,14.949999809265137,16.440000534057617,0
330,2019-05-23,57.90999984741211,2822.239990234375,16.920000076293945,61.635999298095705,62.153999710083006,61.41999816894531,62.869998931884766,2848.526025390625,2883.993994140625,2856.27001953125,2876.320068359375,15.777999877929688,15.978999900817872,14.75,15.289999961853027,1
331,2019-05-24,58.630001068115234,2826.06005859375,15.850000381469728,60.80999984741211,61.92049980163574,57.90999984741211,62.7599983215332,2841.83203125,2878.3030029296874,2822.239990234375,2859.530029296875,15.755999946594239,16.13499994277954,16.920000076293945,15.960000038146973,1
332,2019-05-28,59.13999938964844,2802.389892578125,17.5,60.01800003051758,61.70249977111816,58.630001068115234,63.09999847412109,2834.264013671875,2871.27099609375,2826.06005859375,2840.22998046875,15.994000053405761,16.354499959945677,15.850000381469728,16.309999465942383,0
333,2019-05-29,58.810001373291016,2783.02001953125,17.899999618530273,59.18199996948242,61.44749984741211,59.13999938964844,62.9900016784668,2817.99599609375,2863.1304931640625,2802.389892578125,2864.360107421875,16.584000015258788,16.59349994659424,17.5,14.949999809265137,0
334,2019-05-30,56.59000015258789,2788.860107421875,17.299999237060547,58.216000366210935,61.096999931335446,58.810001373291016,61.41999816894531,2804.514013671875,2856.386999511719,2783.02001953125,2856.27001953125,17.0939998626709,16.718499898910522,17.899999618530273,14.75,0
335,2019-05-31,53.5,2752.06005859375,18.709999084472656,57.33400039672851,60.6814998626709,56.59000015258789,57.90999984741211,2790.47802734375,2848.1140014648436,2788.860107421875,2822.239990234375,17.45199966430664,16.932999849319458,17.299999237060547,16.920000076293945,0
336,2019-06-03,53.25,2744.449951171875,18.86000061035156,56.258000183105466,60.24699993133545,53.5,58.630001068115234,2774.156005859375,2838.0545043945312,2752.06005859375,2826.06005859375,18.05399971008301,17.232499885559083,18.709999084472656,15.850000381469728,1
337,2019-06-04,53.47999954223633,2803.27001953125,16.969999313354492,55.126000213623044,59.80849990844727,53.25,59.13999938964844,2774.33203125,2831.5945068359374,2744.449951171875,2802.389892578125,17.947999572753908,17.308999872207643,18.86000061035156,17.5,0
338,2019-06-05,51.68000030517578,2826.14990234375,16.09000015258789,53.7,59.32249984741211,53.47999954223633,58.810001373291016,2782.9580078125,2828.699499511719,2803.27001953125,2783.02001953125,17.58599967956543,17.147499895095827,16.969999313354492,17.899999618530273,1
339,2019-06-06,52.59000015258789,2843.489990234375,15.93000030517578,52.9,58.84599990844727,51.68000030517578,56.59000015258789,2793.883984375,2826.9030029296873,2826.14990234375,2788.860107421875,17.311999893188478,16.9739999294281,16.09000015258789,17.299999237060547,1
340,2019-06-07,53.9900016784668,2873.340087890625,16.299999237060547,52.99800033569336,58.460499954223636,52.59000015258789,53.5,2818.139990234375,2827.0340087890627,2843.489990234375,2752.06005859375,16.829999923706055,16.83399987220764,15.93000030517578,18.709999084472656,0
341,2019-06-10,53.2599983215332,2886.72998046875,15.9399995803833,53.0,58.04049987792969,53.9900016784668,53.25,2846.59599609375,2827.3005126953126,2873.340087890625,2744.449951171875,16.2459997177124,16.82899980545044,16.299999237060547,18.86000061035156,1
342,2019-06-11,53.27000045776367,2885.719970703125,15.989999771118164,52.95800018310547,57.6519998550415,53.2599983215332,53.47999954223633,2863.085986328125,2830.9930053710937,2886.72998046875,2803.27001953125,16.049999809265138,16.60099983215332,15.9399995803833,16.969999313354492,0
343,2019-06-12,51.13999938964844,2879.840087890625,15.90999984741211,52.85,57.11999988555908,53.27000045776367,51.68000030517578,2873.8240234375,2833.264514160156,2885.719970703125,2826.14990234375,16.01399974822998,16.493499851226808,15.989999771118164,16.09000015258789,1
344,2019-06-13,52.27999877929688,2891.639892578125,15.81999969482422,52.7879997253418,56.63299980163574,51.13999938964844,52.59000015258789,2883.45400390625,2835.2985107421873,2879.840087890625,2843.489990234375,15.991999626159668,16.462499809265136,15.90999984741211,15.93000030517578,1
345,2019-06-14,52.5099983215332,2886.97998046875,15.279999732971191,52.49199905395508,56.114999771118164,52.27999877929688,53.9900016784668,2886.181982421875,2835.831506347656,2891.639892578125,2873.340087890625,15.787999725341797,16.461999797821044,15.81999969482422,16.299999237060547,0
346,2019-06-17,51.93000030517578,2889.669921875,15.350000381469728,52.225999450683595,55.573499870300296,52.5099983215332,53.2599983215332,2886.769970703125,2837.3385009765625,2886.97998046875,2886.72998046875,15.669999885559083,16.431499814987184,15.279999732971191,15.9399995803833,1
347,2019-06-18,53.900001525878906,2917.75,15.149999618530272,52.35199966430664,55.11350002288818,51.93000030517578,53.27000045776367,2893.1759765625,2841.214501953125,2889.669921875,2885.719970703125,15.501999855041504,16.373499822616576,15.350000381469728,15.989999771118164,0
348,2019-06-19,53.7599983215332,2926.4599609375,14.329999923706056,52.875999450683594,54.6519998550415,53.900001525878906,51.13999938964844,2902.499951171875,2844.3194946289063,2917.75,2879.840087890625,15.185999870300293,16.342499828338624,15.149999618530272,15.90999984741211,1
349,2019-06-20,56.650001525878906,2954.179931640625,14.75,53.75,54.413500022888186,53.7599983215332,52.27999877929688,2915.007958984375,2849.214990234375,2926.4599609375,2891.639892578125,14.97199993133545,16.342499828338624,14.329999923706056,15.81999969482422,1
350,2019-06-21,57.43000030517578,2950.4599609375,15.399999618530272,54.73400039672852,54.389500045776366,56.650001525878906,52.5099983215332,2927.703955078125,2855.6259887695314,2954.179931640625,2886.97998046875,14.995999908447265,16.26649980545044,14.75,15.279999732971191,1
351,2019-06-24,57.900001525878906,2945.35009765625,15.260000228881836,55.92800064086914,54.35300006866455,57.43000030517578,51.93000030517578,2938.839990234375,2861.5904907226563,2950.4599609375,2889.669921875,14.977999877929687,16.236999797821046,15.399999618530272,15.350000381469728,0
352,2019-06-25,57.83000183105469,2917.3798828125,16.280000686645508,56.7140007019043,54.28750019073486,57.900001525878906,53.900001525878906,2938.765966796875,2867.339990234375,2945.35009765625,2917.75,15.204000091552734,16.17599983215332,15.260000228881836,15.149999618530272,1
353,2019-06-26,59.380001068115234,2913.780029296875,16.209999084472656,57.8380012512207,54.31600017547608,57.83000183105469,53.7599983215332,2936.22998046875,2873.8779907226562,2917.3798828125,2926.4599609375,15.579999923706055,16.09149980545044,16.280000686645508,14.329999923706056,1
354,2019-06-27,59.43000030517578,2924.919921875,15.81999969482422,58.39400100708008,54.45800018310547,59.380001068115234,56.650001525878906,2930.377978515625,2880.6809814453127,2913.780029296875,2954.179931640625,15.793999862670898,16.01749982833862,16.209999084472656,14.75,0
355,2019-06-28,58.470001220703125,2941.760009765625,15.079999923706056,58.60200119018555,54.70650024414063,59.43000030517578,57.43000030517578,2928.63798828125,2890.165979003906,2924.919921875,2950.4599609375,15.729999923706055,15.835999870300293,15.81999969482422,15.399999618530272,1
356,2019-07-01,59.09000015258789,2964.330078125,14.0600004196167,58.84000091552734,54.99850025177002,58.470001220703125,57.900001525878906,2932.433984375,2901.1599853515627,2941.760009765625,2945.35009765625,15.489999961853027,15.59599986076355,15.079999923706056,15.260000228881836,0
357,2019-07-02,56.25,2973.010009765625,12.93000030517578,58.524000549316405,55.137000274658206,59.09000015258789,57.83000183105469,2943.560009765625,2909.6469848632814,2964.330078125,2917.3798828125,14.819999885559081,15.393999910354614,14.0600004196167,16.280000686645508,1
358,2019-07-03,57.34000015258789,2995.820068359375,12.56999969482422,58.11600036621094,55.42000026702881,56.25,59.380001068115234,2959.968017578125,2918.1304931640625,2973.010009765625,2913.780029296875,14.092000007629395,15.21799988746643,12.93000030517578,16.209999084472656,1
359,2019-07-05,57.5099983215332,2990.409912109375,13.279999732971191,57.73199996948242,55.66600017547607,57.34000015258789,59.43000030517578,2973.066015625,2925.4764892578123,2995.820068359375,2924.919921875,13.58400001525879,15.0854998588562,12.56999969482422,15.81999969482422,1
360,2019-07-08,57.65999984741211,2975.949951171875,13.960000038146973,57.56999969482422,55.84950008392334,57.5099983215332,58.470001220703125,2979.90400390625,2930.606982421875,2990.409912109375,2941.760009765625,13.360000038146973,14.968499898910522,13.279999732971191,15.079999923706056,1
361,2019-07-09,57.83000183105469,2979.6298828125,14.09000015258789,57.31800003051758,56.07800025939942,57.65999984741211,59.09000015258789,2982.96396484375,2935.2519775390624,2975.949951171875,2964.330078125,13.365999984741212,14.875999927520752,13.960000038146973,14.0600004196167,1
362,2019-07-10,60.43000030517578,2993.070068359375,13.029999732971191,58.15400009155273,56.43600025177002,57.83000183105469,56.25,2986.9759765625,2940.619482421875,2979.6298828125,2973.010009765625,13.385999870300292,14.727999925613403,14.09000015258789,12.93000030517578,0
363,2019-07-11,60.20000076293945,2999.909912109375,12.93000030517578,58.726000213623045,56.88900032043457,60.43000030517578,57.34000015258789,2987.7939453125,2946.6229736328123,2993.070068359375,2995.820068359375,13.457999992370606,14.578999948501586,13.029999732971191,12.56999969482422,1
364,2019-07-12,60.209999084472656,3013.77001953125,12.390000343322754,59.26600036621094,57.28550033569336,60.20000076293945,57.5099983215332,2992.465966796875,2952.7294799804686,2999.909912109375,2990.409912109375,13.280000114440918,14.407499980926513,12.93000030517578,13.279999732971191,0
365,2019-07-15,59.58000183105469,3014.300048828125,12.68000030517578,59.650000762939456,57.639000511169435,60.209999084472656,57.65999984741211,3000.135986328125,2959.0954833984374,3013.77001953125,2975.949951171875,13.02400016784668,14.277500009536743,12.390000343322754,13.960000038146973,0
366,2019-07-16,57.619998931884766,3004.0400390625,12.859999656677246,59.60800018310547,57.92350044250488,59.58000183105469,57.83000183105469,3005.018017578125,2964.8139892578124,3014.300048828125,2979.6298828125,12.77800006866455,14.152999973297119,12.68000030517578,14.09000015258789,0
367,2019-07-17,56.77999877929688,2984.419921875,13.970000267028809,58.87799987792969,58.067500305175784,57.619998931884766,60.43000030517578,3003.28798828125,2968.1474853515624,3004.0400390625,2993.070068359375,12.966000175476074,14.094000005722046,12.859999656677246,13.029999732971191,0
368,2019-07-18,55.29999923706055,2995.110107421875,13.529999732971191,57.8979995727539,58.14450035095215,56.77999877929688,60.20000076293945,3002.32802734375,2971.5799926757813,2984.419921875,2999.909912109375,13.086000061035156,14.053999996185302,13.970000267028809,12.93000030517578,1
369,2019-07-19,55.630001068115234,2976.610107421875,14.449999809265137,56.98199996948242,58.09350032806397,55.29999923706055,60.209999084472656,2994.896044921875,2972.7015014648437,2995.110107421875,3013.77001953125,13.497999954223634,14.038999986648559,13.529999732971191,12.390000343322754,1
370,2019-07-22,56.220001220703125,2985.030029296875,13.529999732971191,56.30999984741211,58.03300037384033,55.630001068115234,59.58000183105469,2989.042041015625,2974.4300048828127,2976.610107421875,3014.300048828125,13.667999839782714,13.945499992370605,14.449999809265137,12.68000030517578,1
371,2019-07-23,56.77000045776367,3005.469970703125,12.609999656677246,56.14000015258789,57.97650032043457,56.220001220703125,57.619998931884766,2989.32802734375,2977.435998535156,2985.030029296875,3004.0400390625,13.617999839782716,13.812999963760376,13.529999732971191,12.859999656677246,0
372,2019-07-24,55.880001068115234,3019.56005859375,12.06999969482422,55.960000610351564,57.8790002822876,56.77000045776367,56.77999877929688,2996.3560546875,2982.5450073242187,3005.469970703125,2984.419921875,13.237999725341798,13.60249991416931,12.609999656677246,13.970000267028809,1
373,2019-07-25,56.02000045776367,3003.669921875,12.739999771118164,56.104000854492185,57.71100025177002,55.880001068115234,55.29999923706055,2998.068017578125,2987.039501953125,3019.56005859375,2995.110107421875,13.079999732971192,13.428999948501588,12.06999969482422,13.529999732971191,1
374,2019-07-26,56.20000076293945,3025.860107421875,12.15999984741211,56.21800079345703,57.5495002746582,56.02000045776367,55.630001068115234,3007.918017578125,2992.0865112304687,3003.669921875,2976.610107421875,12.621999740600586,13.245999956130982,12.739999771118164,14.449999809265137,1
375,2019-07-29,56.869998931884766,3020.969970703125,12.829999923706056,56.34800033569336,57.46950016021729,56.20000076293945,56.220001220703125,3015.106005859375,2996.047009277344,3025.860107421875,2985.030029296875,12.481999778747559,13.133499956130981,12.15999984741211,13.529999732971191,1
376,2019-07-30,58.04999923706055,3013.179931640625,13.9399995803833,56.604000091552734,57.41750011444092,56.869998931884766,56.77000045776367,3016.647998046875,2998.489501953125,3020.969970703125,3005.469970703125,12.74799976348877,13.127499914169311,12.829999923706056,12.609999656677246,1
377,2019-07-31,58.58000183105469,2980.3798828125,16.1200008392334,57.14400024414063,57.53400020599365,58.04999923706055,55.880001068115234,3008.811962890625,2998.8579956054687,3013.179931640625,3019.56005859375,13.557999992370606,13.286999940872192,13.9399995803833,12.06999969482422,0
378,2019-08-01,53.95000076293945,2953.56005859375,17.8700008392334,56.73000030517578,57.36450023651123,58.58000183105469,56.02000045776367,2998.789990234375,2996.7449951171875,2980.3798828125,3003.669921875,14.584000205993652,13.55199999809265,16.1200008392334,12.739999771118164,1
379,2019-08-02,55.65999984741211,2932.050048828125,17.610000610351562,56.62200012207031,57.272000312805176,53.95000076293945,56.20000076293945,2980.027978515625,2993.827001953125,2953.56005859375,3025.860107421875,15.674000358581543,13.76850004196167,17.8700008392334,12.15999984741211,0
380,2019-08-05,54.68999862670898,2844.739990234375,24.59000015258789,56.18600006103516,57.12350025177002,55.65999984741211,56.869998931884766,2944.781982421875,2987.26650390625,2932.050048828125,3020.969970703125,18.02600040435791,14.300000047683715,17.610000610351562,12.829999923706056,0
381,2019-08-06,53.630001068115234,2881.77001953125,20.170000076293945,55.30200042724609,56.913500213623045,54.68999862670898,58.04999923706055,2918.5,2982.3735107421876,2844.739990234375,3013.179931640625,19.27200050354004,14.604000043869018,24.59000015258789,13.9399995803833,0
382,2019-08-07,51.09000015258789,2883.97998046875,19.489999771118164,53.80400009155274,56.44650020599365,53.630001068115234,58.58000183105469,2899.22001953125,2976.9190063476562,2881.77001953125,2980.3798828125,19.94600028991699,14.927000045776367,20.170000076293945,16.1200008392334,1
383,2019-08-08,52.540000915527344,2938.090087890625,16.90999984741211,53.52200012207031,56.063500213623044,51.09000015258789,53.95000076293945,2896.126025390625,2973.828015136719,2883.97998046875,2953.56005859375,19.754000091552733,15.126000022888183,19.489999771118164,17.8700008392334,1
384,2019-08-09,54.5,2918.64990234375,17.969999313354492,53.29000015258789,55.77800025939941,52.540000915527344,55.65999984741211,2893.44599609375,2969.0720092773436,2938.090087890625,2932.050048828125,19.82599983215332,15.40499997138977,16.90999984741211,17.610000610351562,1
385,2019-08-12,54.93000030517578,2882.699951171875,21.09000015258789,53.33800048828125,55.54550018310547,54.5,54.68999862670898,2901.03798828125,2962.4920043945312,2918.64990234375,2844.739990234375,19.12599983215332,15.825499963760375,17.969999313354492,24.59000015258789,1
386,2019-08-13,57.09999847412109,2926.320068359375,17.520000457763672,54.03199996948242,55.519500160217284,54.93000030517578,53.630001068115234,2909.947998046875,2958.606005859375,2882.699951171875,2881.77001953125,18.595999908447265,16.058500003814697,21.09000015258789,20.170000076293945,0
387,2019-08-14,55.22999954223633,2840.60009765625,22.100000381469727,54.85999984741211,55.442000198364255,57.09999847412109,51.09000015258789,2901.272021484375,2951.4150146484376,2926.320068359375,2883.97998046875,19.118000030517578,16.465000009536745,17.520000457763672,19.489999771118164,0
388,2019-08-15,54.470001220703125,2847.60009765625,21.18000030517578,55.24599990844727,55.40050029754639,55.22999954223633,52.540000915527344,2883.1740234375,2944.039514160156,2840.60009765625,2938.090087890625,19.972000122070312,16.847500038146972,22.100000381469727,16.90999984741211,1
389,2019-08-16,54.869998931884766,2888.679931640625,18.46999931335449,55.31999969482422,55.36250019073486,54.470001220703125,54.5,2877.180029296875,2939.6430053710938,2847.60009765625,2918.64990234375,20.072000122070314,17.04850001335144,21.18000030517578,17.969999313354492,1
390,2019-08-19,56.209999084472656,2923.64990234375,16.8799991607666,55.5759994506836,55.36200008392334,54.869998931884766,54.93000030517578,2885.37001953125,2936.5739990234374,2888.679931640625,2882.699951171875,19.229999923706053,17.21599998474121,18.46999931335449,21.09000015258789,1
391,2019-08-20,56.34000015258789,2900.510009765625,17.5,55.42399978637695,55.340500068664554,56.209999084472656,57.09999847412109,2880.2080078125,2931.3260009765627,2923.64990234375,2926.320068359375,19.22599983215332,17.46050000190735,16.8799991607666,17.520000457763672,0
392,2019-08-21,55.68000030517578,2924.429931640625,15.800000190734863,55.513999938964844,55.33050003051758,56.34000015258789,55.22999954223633,2896.973974609375,2926.5694946289063,2900.510009765625,2840.60009765625,17.965999794006347,17.64700002670288,17.5,22.100000381469727,0
393,2019-08-22,55.34999847412109,2922.949951171875,16.68000030517578,55.689999389648435,55.29699993133545,55.68000030517578,54.470001220703125,2912.0439453125,2922.53349609375,2924.429931640625,2847.60009765625,17.06599979400635,17.84400005340576,15.800000190734863,21.18000030517578,0
394,2019-08-23,54.16999816894531,2847.110107421875,19.8700008392334,55.54999923706055,55.19549980163574,55.34999847412109,54.869998931884766,2903.72998046875,2913.59599609375,2922.949951171875,2888.679931640625,17.346000099182127,18.229500102996827,16.68000030517578,18.46999931335449,0
395,2019-08-26,53.63999938964844,2878.3798828125,19.31999969482422,55.0359992980957,55.033999824523924,54.16999816894531,56.209999084472656,2894.6759765625,2906.4664916992188,2847.110107421875,2923.64990234375,17.834000205993654,18.554000091552734,19.8700008392334,16.8799991607666,1
396,2019-08-27,54.93000030517578,2869.159912109375,20.309999465942383,54.75399932861328,54.87799987792969,53.63999938964844,56.34000015258789,2888.40595703125,2899.265490722656,2878.3798828125,2900.510009765625,18.396000099182128,18.872500085830687,19.31999969482422,17.5,1
397,2019-08-28,55.77999877929688,2887.93994140625,19.350000381469727,54.7739990234375,54.737999725341794,54.93000030517578,55.68000030517578,2881.107958984375,2894.6434936523438,2869.159912109375,2924.429931640625,19.1060001373291,19.034000062942503,20.309999465942383,15.800000190734863,1
398,2019-08-29,56.709999084472656,2924.580078125,17.8799991607666,55.045999145507814,54.87599964141846,55.77999877929688,55.34999847412109,2881.433984375,2893.1944946289063,2887.93994140625,2922.949951171875,19.345999908447265,19.034499979019166,19.350000381469727,16.68000030517578,0
399,2019-08-30,55.09999847412109,2926.4599609375,18.979999542236328,55.231999206542966,54.847999572753906,56.709999084472656,54.16999816894531,2897.303955078125,2892.914990234375,2924.580078125,2847.110107421875,19.16799964904785,19.102999925613403,17.8799991607666,19.8700008392334,0
400,2019-09-03,53.93999862670898,2906.27001953125,19.65999984741211,55.29199905395508,54.810499572753905,55.09999847412109,53.63999938964844,2902.881982421875,2895.991491699219,2926.4599609375,2878.3798828125,19.23599967956543,18.856499910354614,18.979999542236328,19.31999969482422,1
401,2019-09-04,56.2599983215332,2937.780029296875,17.329999923706055,55.55799865722656,54.941999435424805,53.93999862670898,54.93000030517578,2916.606005859375,2898.7919921875,2906.27001953125,2869.159912109375,18.639999771118163,18.71449990272522,19.65999984741211,20.309999465942383,1
402,2019-09-05,56.29999923706055,2976.0,16.270000457763672,55.6619987487793,55.20249938964844,56.2599983215332,55.77999877929688,2934.218017578125,2903.3929931640623,2937.780029296875,2887.93994140625,18.023999786376955,18.553499937057495,17.329999923706055,19.350000381469727,1
403,2019-09-06,56.52000045776367,2978.7099609375,15.0,55.6239990234375,55.401499366760255,56.29999923706055,56.709999084472656,2945.043994140625,2905.4239868164063,2976.0,2924.580078125,17.447999954223633,18.45799994468689,16.270000457763672,17.8799991607666,1
404,2019-09-09,57.84999847412109,2978.429931640625,15.270000457763672,56.1739990234375,55.56899929046631,56.52000045776367,55.09999847412109,2955.43798828125,2908.41298828125,2978.7099609375,2926.4599609375,16.706000137329102,18.32300000190735,15.0,18.979999542236328,0
405,2019-09-10,57.400001525878906,2979.389892578125,15.199999809265137,56.86599960327148,55.69249935150147,57.84999847412109,53.93999862670898,2970.061962890625,2913.2474853515623,2978.429931640625,2906.27001953125,15.814000129699707,18.02849998474121,15.270000457763672,19.65999984741211,0
406,2019-09-11,55.75,3000.929931640625,14.609999656677246,56.763999938964844,55.62499942779541,57.400001525878906,56.2599983215332,2982.691943359375,2916.977978515625,2979.389892578125,2937.780029296875,15.270000076293945,17.88299994468689,15.199999809265137,17.329999923706055,0
407,2019-09-12,55.09000015258789,3009.570068359375,14.220000267028809,56.52200012207031,55.61799945831299,55.75,56.29999923706055,2989.40595703125,2925.426477050781,3000.929931640625,2976.0,14.860000038146973,17.488999938964845,14.609999656677246,16.270000457763672,0
408,2019-09-13,54.84999847412109,3007.389892578125,13.739999771118164,56.1879997253418,55.63699932098389,55.09000015258789,56.52000045776367,2995.141943359375,2933.415966796875,3009.570068359375,2978.7099609375,14.607999992370605,17.116999912261964,14.220000267028809,15.0,1
409,2019-09-16,62.900001525878906,2997.9599609375,14.670000076293944,57.19800033569336,56.038499450683595,54.84999847412109,57.84999847412109,2999.04794921875,2938.8799682617187,3007.389892578125,2978.429931640625,14.48799991607666,16.926999950408934,13.739999771118164,15.270000457763672,0
410,2019-09-17,59.34000015258789,3005.699951171875,14.4399995803833,57.58600006103516,56.19499950408935,62.900001525878906,57.400001525878906,3004.3099609375,2942.982470703125,2997.9599609375,2979.389892578125,14.335999870300293,16.80499997138977,14.670000076293944,15.199999809265137,0
411,2019-09-18,58.11000061035156,3006.72998046875,13.949999809265137,58.05800018310547,56.283499526977536,59.34000015258789,55.75,3005.469970703125,2948.2934692382814,3005.699951171875,3000.929931640625,14.203999900817871,16.627499961853026,14.4399995803833,14.609999656677246,1
412,2019-09-19,58.130001068115234,3006.7900390625,14.050000190734863,58.66600036621094,56.40599956512451,58.11000061035156,55.09000015258789,3004.91396484375,2952.411474609375,3006.72998046875,3009.570068359375,14.169999885559083,16.539999961853027,13.949999809265137,14.220000267028809,0
413,2019-09-20,58.09000015258789,2992.070068359375,15.31999969482422,59.3140007019043,56.54299964904785,58.130001068115234,54.84999847412109,3001.85,2955.86748046875,3006.7900390625,3007.389892578125,14.485999870300294,16.47199993133545,14.050000190734863,13.739999771118164,1
414,2019-09-23,58.63999938964844,2991.780029296875,14.90999984741211,58.4620002746582,56.76649971008301,58.09000015258789,62.900001525878906,3000.614013671875,2963.1009765625,2992.070068359375,2997.9599609375,14.533999824523926,16.223999881744383,15.31999969482422,14.670000076293944,0
415,2019-09-24,57.290000915527344,2966.60009765625,17.049999237060547,58.05200042724609,56.94899978637695,58.63999938964844,59.34000015258789,2992.79404296875,2967.5119873046874,2991.780029296875,3005.699951171875,15.055999755859375,16.1104998588562,14.90999984741211,14.4399995803833,0
416,2019-09-25,56.4900016784668,2984.8701171875,15.960000038146973,57.72800064086914,57.0269998550415,57.290000915527344,58.11000061035156,2988.4220703125,2973.297497558594,2966.60009765625,3006.72998046875,15.457999801635742,15.89299988746643,17.049999237060547,13.949999809265137,0
417,2019-09-26,56.40999984741211,2977.6201171875,16.06999969482422,57.38400039672852,57.05849990844727,56.4900016784668,58.130001068115234,2982.5880859375,2977.7815063476564,2984.8701171875,3006.7900390625,15.861999702453613,15.728999853134155,15.960000038146973,14.050000190734863,0
418,2019-09-27,55.90999984741211,2961.7900390625,17.219999313354492,56.94800033569336,57.01849994659424,56.40999984741211,58.09000015258789,2976.532080078125,2979.6420043945313,2977.6201171875,2992.070068359375,16.241999626159668,15.69599986076355,16.06999969482422,15.31999969482422,0
419,2019-09-30,54.06999969482422,2976.739990234375,16.239999771118164,56.034000396728516,56.967000007629395,55.90999984741211,58.63999938964844,2973.524072265625,2982.156005859375,2961.7900390625,2991.780029296875,16.507999610900878,15.558999872207641,17.219999313354492,14.90999984741211,0
420,2019-10-01,53.619998931884766,2940.25,18.559999465942383,55.3,56.95100002288818,54.06999969482422,57.290000915527344,2968.254052734375,2983.8550048828124,2976.739990234375,2966.60009765625,16.809999656677245,15.503999853134156,16.239999771118164,17.049999237060547,0
421,2019-10-02,52.63999938964844,2887.610107421875,20.559999465942383,54.529999542236325,56.77000007629395,53.619998931884766,56.4900016784668,2948.80205078125,2981.3465087890627,2940.25,2984.8701171875,17.729999542236328,15.665499830245972,18.559999465942383,15.960000038146973,0
422,2019-10-03,52.45000076293945,2910.6298828125,19.1200008392334,53.737999725341794,56.57750015258789,52.63999938964844,56.40999984741211,2935.40400390625,2978.0780029296875,2887.610107421875,2977.6201171875,18.339999771118165,15.807999849319458,20.559999465942383,16.06999969482422,1
423,2019-10-04,52.810001373291016,2952.010009765625,17.040000915527344,53.11800003051758,56.39200019836426,52.45000076293945,55.90999984741211,2933.447998046875,2976.7430053710937,2910.6298828125,2961.7900390625,18.304000091552734,15.909999895095826,19.1200008392334,17.219999313354492,0
424,2019-10-07,52.75,2938.7900390625,17.860000610351562,52.854000091552734,56.137000274658206,52.810001373291016,54.06999969482422,2925.8580078125,2974.7610107421874,2952.010009765625,2976.739990234375,18.628000259399414,16.03949990272522,17.040000915527344,16.239999771118164,0
425,2019-10-08,52.630001068115234,2893.06005859375,20.280000686645508,52.65600051879883,55.89850025177002,52.75,53.619998931884766,2916.42001953125,2970.4445190429688,2938.7900390625,2940.25,18.972000503540038,16.29349994659424,17.860000610351562,18.559999465942383,0
426,2019-10-09,52.59000015258789,2919.39990234375,18.63999938964844,52.646000671386716,55.74050025939941,52.630001068115234,52.63999938964844,2922.777978515625,2966.368017578125,2893.06005859375,2887.610107421875,18.58800048828125,16.4949999332428,20.280000686645508,20.559999465942383,1
427,2019-10-10,53.54999923706055,2938.1298828125,17.56999969482422,52.86600036621094,55.663500213623045,52.59000015258789,52.45000076293945,2928.277978515625,2962.796008300781,2919.39990234375,2910.6298828125,18.278000259399413,16.66249990463257,18.63999938964844,19.1200008392334,1
428,2019-10-11,54.70000076293945,2970.27001953125,15.579999923706056,53.24400024414062,55.65600032806397,53.54999923706055,52.810001373291016,2931.92998046875,2960.9400146484377,2938.1298828125,2952.010009765625,17.986000061035156,16.754499912261963,17.56999969482422,17.040000915527344,0
429,2019-10-14,53.59000015258789,2966.14990234375,14.56999969482422,53.412000274658205,55.190500259399414,54.70000076293945,52.75,2937.401953125,2959.34951171875,2970.27001953125,2938.7900390625,17.327999877929688,16.749499893188478,15.579999923706056,17.860000610351562,0
430,2019-10-15,52.810001373291016,2995.679931640625,13.539999961853027,53.44800033569336,54.86400032043457,53.59000015258789,52.630001068115234,2957.925927734375,2958.8485107421875,2966.14990234375,2893.06005859375,15.97999973297119,16.704499912261962,14.56999969482422,20.280000686645508,1
431,2019-10-16,53.36000061035156,2989.68994140625,13.68000030517578,53.6020004272461,54.62650032043457,52.810001373291016,52.59000015258789,2971.983935546875,2957.9965087890623,2995.679931640625,2919.39990234375,14.98799991607666,16.690999937057494,13.539999961853027,18.63999938964844,1
432,2019-10-17,53.93000030517578,2997.949951171875,13.789999961853027,53.67800064086914,54.4165002822876,53.36000061035156,53.54999923706055,2983.94794921875,2957.5545043945312,2989.68994140625,2938.1298828125,14.231999969482422,16.677999925613403,13.68000030517578,17.56999969482422,0
433,2019-10-18,53.77999877929688,2986.199951171875,14.25,53.49400024414062,54.20100021362305,53.93000030517578,54.70000076293945,2987.133935546875,2957.2609985351564,2997.949951171875,2970.27001953125,13.965999984741211,16.62449994087219,13.789999961853027,15.579999923706056,0
434,2019-10-21,53.310001373291016,3006.719970703125,14.0,53.43800048828125,53.93450031280518,53.77999877929688,53.59000015258789,2995.24794921875,2958.0079956054688,2986.199951171875,2966.14990234375,13.852000045776368,16.578999948501586,14.25,14.56999969482422,1
435,2019-10-22,54.15999984741211,2995.989990234375,14.460000038146973,53.70800018310547,53.77800025939941,53.310001373291016,52.810001373291016,2995.3099609375,2959.477490234375,3006.719970703125,2995.679931640625,14.036000061035157,16.449499988555907,14.0,13.539999961853027,1
436,2019-10-23,55.970001220703125,3004.52001953125,14.010000228881836,54.23000030517578,53.75200023651123,54.15999984741211,53.36000061035156,2998.2759765625,2960.4599853515624,2995.989990234375,2989.68994140625,14.102000045776368,16.35199999809265,14.460000038146973,13.68000030517578,1
437,2019-10-24,56.22999954223633,3010.2900390625,13.710000038146973,54.69000015258789,53.743000221252444,55.970001220703125,53.93000030517578,3000.743994140625,2962.0934814453126,3004.52001953125,2997.949951171875,14.086000061035156,16.23400001525879,14.010000228881836,13.789999961853027,1
438,2019-10-25,56.65999984741211,3022.550048828125,12.649999618530272,55.26600036621094,53.78050022125244,56.22999954223633,53.77999877929688,3008.014013671875,2965.131481933594,3010.2900390625,2986.199951171875,13.76599998474121,16.005500030517577,13.710000038146973,14.25,0
439,2019-10-28,55.810001373291016,3039.419921875,13.109999656677246,55.76600036621094,53.86750030517578,56.65999984741211,53.310001373291016,3014.55400390625,2968.265478515625,3022.550048828125,3006.719970703125,13.58799991607666,15.849000024795533,12.649999618530272,14.0,0
440,2019-10-29,55.540000915527344,3036.889892578125,13.199999809265137,56.04200057983398,53.96350040435791,55.810001373291016,54.15999984741211,3022.733984375,2973.0974731445312,3039.419921875,2995.989990234375,13.335999870300293,15.58100004196167,13.109999656677246,14.460000038146973,0
441,2019-10-30,55.060001373291016,3046.77001953125,12.329999923706056,55.86000061035156,54.08450050354004,55.540000915527344,55.970001220703125,3031.183984375,2981.05546875,3036.889892578125,3004.52001953125,12.999999809265137,15.169500064849853,13.199999809265137,14.010000228881836,0
442,2019-10-31,54.18000030517578,3037.56005859375,13.220000267028809,55.45000076293945,54.171000480651855,55.060001373291016,56.22999954223633,3036.63798828125,2987.4019775390625,3046.77001953125,3010.2900390625,12.901999855041504,14.874500036239624,12.329999923706056,13.710000038146973,1
443,2019-11-01,56.20000076293945,3066.909912109375,12.300000190734863,55.358000946044925,54.34050045013428,54.18000030517578,56.65999984741211,3045.5099609375,2993.14697265625,3037.56005859375,3022.550048828125,12.831999969482421,14.6375,13.220000267028809,12.649999618530272,1
444,2019-11-04,56.540000915527344,3078.27001953125,12.829999923706056,55.50400085449219,54.53000049591064,56.20000076293945,55.810001373291016,3053.27998046875,3000.1209716796875,3066.909912109375,3039.419921875,12.776000022888184,14.385999965667725,12.300000190734863,13.109999656677246,1
445,2019-11-05,57.22999954223633,3074.6201171875,13.100000381469728,55.842000579833986,54.7600004196167,56.540000915527344,55.540000915527344,3060.826025390625,3009.198974609375,3078.27001953125,3036.889892578125,12.756000137329101,14.026999950408936,12.829999923706056,13.199999809265137,0
446,2019-11-06,56.34999847412109,3076.780029296875,12.619999885559082,56.1,54.94800033569336,57.22999954223633,55.060001373291016,3066.82802734375,3017.067980957031,3074.6201171875,3046.77001953125,12.814000129699707,13.725999975204468,13.100000381469728,12.329999923706056,1
447,2019-11-07,57.150001525878906,3085.179931640625,12.729999542236328,56.694000244140625,55.12800045013428,56.34999847412109,54.18000030517578,3076.352001953125,3024.4204833984377,3076.780029296875,3037.56005859375,12.715999984741211,13.483999967575073,12.619999885559082,13.220000267028809,1
448,2019-11-08,57.2400016784668,3093.080078125,12.06999969482422,56.902000427246094,55.25500049591064,57.150001525878906,56.20000076293945,3081.58603515625,3030.560986328125,3085.179931640625,3066.909912109375,12.669999885559083,13.308499956130982,12.729999542236328,12.300000190734863,0
449,2019-11-11,56.86000061035156,3087.010009765625,12.6899995803833,56.966000366210935,55.41850051879883,57.2400016784668,56.540000915527344,3083.334033203125,3036.6039916992186,3093.080078125,3078.27001953125,12.641999816894531,13.214499950408936,12.06999969482422,12.829999923706056,0
450,2019-11-12,56.79999923706055,3091.840087890625,12.68000030517578,56.880000305175784,55.6180004119873,56.86000061035156,57.22999954223633,3086.77802734375,3041.411999511719,3087.010009765625,3074.6201171875,12.557999801635741,13.171499967575073,12.6899995803833,13.100000381469728,1
451,2019-11-13,57.119998931884766,3094.0400390625,13.0,57.034000396728516,55.806000328063966,56.79999923706055,56.34999847412109,3090.230029296875,3046.629504394531,3091.840087890625,3076.780029296875,12.633999824523926,13.137499952316285,12.68000030517578,12.619999885559082,0
452,2019-11-14,56.77000045776367,3096.6298828125,13.050000190734863,56.95800018310547,55.94800033569336,57.119998931884766,57.150001525878906,3092.52001953125,3051.5635009765624,3094.0400390625,3085.179931640625,12.697999954223633,13.100499963760376,13.0,12.729999542236328,1
453,2019-11-15,57.720001220703125,3120.4599609375,12.050000190734863,57.05400009155274,56.14500045776367,56.77000045776367,57.2400016784668,3097.99599609375,3058.276501464844,3096.6298828125,3093.080078125,12.694000053405762,12.99049997329712,13.050000190734863,12.06999969482422,0
454,2019-11-18,57.04999923706055,3122.030029296875,12.460000038146973,57.09199981689453,56.33200035095215,57.720001220703125,56.86000061035156,3105.0,3064.0420043945314,3120.4599609375,3087.010009765625,12.648000144958496,12.913499975204468,12.050000190734863,12.6899995803833,0
455,2019-11-19,55.209999084472656,3120.179931640625,12.859999656677246,56.773999786376955,56.38450031280517,57.04999923706055,56.79999923706055,3110.66796875,3070.251501464844,3122.030029296875,3091.840087890625,12.684000015258789,12.833499956130982,12.460000038146973,12.68000030517578,1
456,2019-11-20,57.11000061035156,3108.4599609375,12.779999732971191,56.77200012207031,56.4415002822876,55.209999084472656,57.119998931884766,3113.551953125,3075.4484985351564,3120.179931640625,3094.0400390625,12.639999961853027,12.77199993133545,12.859999656677246,13.0,1
457,2019-11-21,58.58000183105469,3103.5400390625,13.130000114440918,57.13400039672852,56.559000396728514,57.11000061035156,56.77000045776367,3114.933984375,3080.1109985351563,3108.4599609375,3096.6298828125,12.655999946594239,12.742999935150149,12.779999732971191,13.050000190734863,0
458,2019-11-22,57.77000045776367,3110.2900390625,12.34000015258789,57.14400024414063,56.61450042724609,58.58000183105469,57.720001220703125,3112.9,3084.497998046875,3103.5400390625,3120.4599609375,12.713999938964843,12.72749996185303,13.130000114440918,12.050000190734863,1
459,2019-11-25,58.0099983215332,3133.639892578125,11.869999885559082,57.33600006103516,56.724500274658205,57.77000045776367,57.04999923706055,3115.22197265625,3089.2089965820314,3110.2900390625,3122.030029296875,12.595999908447265,12.66549997329712,12.34000015258789,12.460000038146973,1
460,2019-11-26,58.40999984741211,3140.52001953125,11.539999961853027,57.976000213623045,56.868000221252444,58.0099983215332,55.209999084472656,3119.289990234375,3094.3905029296875,3133.639892578125,3120.179931640625,12.331999969482421,12.582499980926515,11.869999885559082,12.859999656677246,0
461,2019-11-27,58.11000061035156,3153.6298828125,11.75,58.17600021362305,57.02050018310547,58.40999984741211,57.11000061035156,3128.323974609375,3099.73349609375,3140.52001953125,3108.4599609375,12.126000022888183,12.553499984741212,11.539999961853027,12.779999732971191,0
462,2019-11-29,55.16999816894531,3140.97998046875,12.619999885559082,57.49399948120117,57.070000076293944,58.11000061035156,58.58000183105469,3135.811962890625,3104.9044921875,3153.6298828125,3103.5400390625,12.023999977111817,12.523499965667726,11.75,13.130000114440918,0
